episode,length,time,reward,delta
0,500.0,0.04116887932059399,0.0,-1.0042296551808665e-07
1,500.0,0.046659800026645826,0.0,-8.639925102588191e-11
2,500.0,0.04492073788196649,0.0,-9.377300142771533e-06
3,500.0,0.0376144869997006,0.0,-4.918950464053266e-17
4,500.0,0.038591246393480105,0.0,-3.020095799554532e-20
5,500.0,0.0361725681259486,0.0,-5.312159770352083e-09
6,500.0,0.03299876083337949,0.0,-4.552225100346151e-16
7,500.0,0.034546020205652894,0.0,-6.039439600254981e-41
8,500.0,0.03213980156715479,0.0,-8.634081856185287e-29
9,342.0,0.02144000084581421,1.0,0.9999205525880782
10,500.0,0.032031440552145796,0.0,-6.738186547932236e-16
11,500.0,0.03102107791664821,0.0,-6.034228546660643e-66
12,500.0,0.032258356824058865,0.0,-9.56891486015289e-23
13,500.0,0.032301776742770016,0.0,-7.749096653577722e-27
14,500.0,0.03128197499427188,0.0,-2.9905508570723396e-05
15,500.0,0.03143186810575571,0.0,-4.3664414201248203e-100
16,500.0,0.031906466698728764,0.0,-3.75004393740038e-46
17,500.0,0.031863046779562865,0.0,-7.573320346771164e-60
18,500.0,0.032350482565107086,0.0,-9.568914860152858e-31
19,500.0,0.032031440552145796,0.0,-7.342712725766076e-112
20,226.0,0.015046700954371772,1.0,0.09999205525880783
21,500.0,0.032221733066307934,0.0,-3.1816481285720226e-14
22,500.0,0.03275636441594543,0.0,-7.284631836579195e-84
23,500.0,0.03313241867090255,0.0,-9.320460960764249e-138
24,500.0,0.0320563598102126,0.0,-4.357003260969469e-22
25,500.0,0.03121665633398152,0.0,-8.042806902020692e-46
26,500.0,0.032172272115531086,0.0,-9.972377259979205e-125
27,500.0,0.03165085552336677,0.0,-8.741468786824277e-127
28,500.0,0.032351615258448874,0.0,-5.86935631417193e-79
29,467.0,0.030279541213985794,1.0,0.009999205525880739
30,500.0,0.031878149359727104,0.0,-8.768506565150895e-121
31,394.0,0.02539121346990214,1.0,0.999281248161386
32,500.0,0.03491452317030053,0.0,-5.825359754889127e-79
33,500.0,0.03306823270395398,0.0,-8.634081856185141e-97
34,500.0,0.03246337435439273,0.0,-1.004229655180836e-118
35,500.0,0.03560282327634923,0.0,-4.800850066310067e-64
36,500.0,0.03255965330527033,0.0,-1.1753079673972479e-107
37,500.0,0.033087866058394866,0.0,-8.741468786824156e-165
38,500.0,0.034647207495254406,0.0,-3.1260922538590356e-06
39,500.0,0.03191024234365614,0.0,-5.35454120699468e-159
40,500.0,0.03262006362729153,0.0,-1.935090263258814e-85
41,64.0,0.004135086541282362,1.0,0.0009999205525881294
42,500.0,0.03193667185951199,0.0,-8.42572438504114e-164
43,500.0,0.032406362113306386,0.0,-9.568914860152762e-62
44,500.0,0.03268991306231328,0.0,-2.3407442863602732e-213
45,500.0,0.03336990674915796,0.0,-9.624799694808778e-246
46,500.0,0.03162442600751092,0.0,-2.9429916726724137e-89
47,500.0,0.03216019005094495,0.0,-5.700455870287878e-289
48,500.0,0.03286774594698727,0.0,-9.016327106464004e-42
49,496.0,0.032246274759472726,1.0,0.09992812481613855
50,500.0,0.032303287001013814,0.0,-9.584226692760817e-247
51,500.0,0.03263403351411398,0.0,-4.313518949556957e-121
52,500.0,0.03139788730004511,0.0,-4.983208791068158e-109
53,500.0,0.031904578876037704,0.0,-1.4352324667651166e-38
54,500.0,0.031792064651199325,0.0,0.0
55,500.0,0.031538718862975657,0.0,0.0
56,500.0,0.03173882805504036,0.0,0.0
57,500.0,0.03367422374594753,0.0,0.0
58,500.0,0.03215679197001009,0.0,0.0
59,500.0,0.032131872712398035,0.0,0.0
60,500.0,0.03237577938762115,0.0,0.0
61,500.0,0.03194913148854539,0.0,0.0
62,500.0,0.03268953549741127,0.0,0.0
63,500.0,0.034004970259047695,0.0,0.0
64,500.0,0.03140468346146008,0.0,0.0
65,256.0,0.015995520574506372,1.0,9.999205525879074e-05
66,500.0,0.032085054712752026,0.0,0.0
67,500.0,0.03383997456739962,0.0,0.0
68,500.0,0.032245897195025464,0.0,0.0
69,500.0,0.03594036595086436,0.0,0.0
70,500.0,0.032237590775821445,0.0,0.0
71,500.0,0.03204541043896825,0.0,0.0
72,500.0,0.031065252964708634,0.0,0.0
73,500.0,0.031439419396065205,0.0,0.0
74,500.0,0.03121627876907951,0.0,0.0
75,500.0,0.032971198623727105,0.0,0.0
76,500.0,0.03208316689051571,0.0,-8.273552726190091e-295
77,500.0,0.03220700805059096,0.0,0.0
78,500.0,0.032412780709819344,0.0,0.0
79,500.0,0.0347306492521966,0.0,0.0
80,500.0,0.03228403121102019,0.0,0.0
81,500.0,0.03231461393625068,0.0,0.0
82,500.0,0.03181698390926613,0.0,0.0
83,500.0,0.03181207557008747,0.0,0.0
84,500.0,0.0325415302086185,0.0,0.0
85,500.0,0.0319710302301246,0.0,0.0
86,500.0,0.0316765299103281,0.0,0.0
87,500.0,0.031601017007687915,0.0,0.0
88,500.0,0.03157194454024648,0.0,0.0
89,500.0,0.03180263645708692,0.0,0.0
90,500.0,0.03167124400715693,0.0,0.0
91,500.0,0.033688948762574,0.0,0.0
92,500.0,0.03677931429729142,0.0,0.0
93,500.0,0.032386728758410754,0.0,0.0
94,500.0,0.032088452793232136,0.0,0.0
95,500.0,0.03196121355267678,0.0,0.0
96,500.0,0.03308711092950034,0.0,0.0
97,500.0,0.03126611728521311,0.0,0.0
98,500.0,0.03193516160126819,0.0,0.0
99,500.0,0.03179168708675206,0.0,0.0
100,500.0,0.03395815225985643,0.0,0.0
101,500.0,0.031002577255549113,0.0,0.0
102,500.0,0.032346706919724966,0.0,0.0
103,500.0,0.032812999093494,0.0,0.0
104,500.0,0.031207217220980965,0.0,0.0
105,500.0,0.0324501595964648,0.0,0.0
106,500.0,0.03231310367846163,0.0,0.0
107,500.0,0.031611966378932266,0.0,0.0
108,500.0,0.035137663796831475,0.0,0.0
109,500.0,0.03271369962658355,0.0,0.0
110,500.0,0.031382029590076854,0.0,0.0
111,500.0,0.03216019005094495,0.0,0.0
112,500.0,0.03211941308381938,0.0,0.0
113,500.0,0.03200576616518447,0.0,0.0
114,500.0,0.03167992799080821,0.0,0.0
115,500.0,0.03185738331194443,0.0,0.0
116,500.0,0.03177809476392213,0.0,0.0
117,500.0,0.03205598224531059,0.0,0.0
118,500.0,0.03214131182539859,0.0,0.0
119,500.0,0.032294980581809796,0.0,0.0
120,500.0,0.033827514937911474,0.0,0.0
121,500.0,0.032327828694178606,0.0,0.0
122,500.0,0.03238408580682517,0.0,0.0
123,500.0,0.032157924663806625,0.0,0.0
124,500.0,0.03391435477624327,0.0,0.0
125,500.0,0.03182000442484423,0.0,0.0
126,500.0,0.03229573571115907,0.0,0.0
127,500.0,0.032945146672318515,0.0,0.0
128,500.0,0.03266688162648279,0.0,0.0
129,500.0,0.03405065556489717,0.0,0.0
130,500.0,0.035241871602465835,0.0,0.0
131,500.0,0.032250050404854846,0.0,0.0
132,500.0,0.031389203315939085,0.0,0.0
133,500.0,0.03170560237776954,0.0,0.0
134,500.0,0.031387693058150035,0.0,0.0
135,500.0,0.03418846661270436,0.0,0.0
136,500.0,0.03200425590739542,0.0,0.0
137,500.0,0.0318921192470043,0.0,0.0
138,500.0,0.032978372349589335,0.0,0.0
139,500.0,0.032196058679801354,0.0,0.0
140,500.0,0.03141638796114421,0.0,0.0
141,500.0,0.03224212155009809,0.0,0.0
142,500.0,0.03205296172927774,0.0,0.0
143,500.0,0.03233840050052095,0.0,0.0
144,500.0,0.03208580984164655,0.0,0.0
145,500.0,0.03132463978454325,0.0,0.0
146,500.0,0.03350092163509544,0.0,0.0
147,500.0,0.03238408580682517,0.0,0.0
148,500.0,0.033021792268755235,0.0,0.0
149,500.0,0.03143073541286867,0.0,0.0
150,500.0,0.03172146008728305,0.0,0.0
151,500.0,0.03183699482769953,0.0,0.0
152,500.0,0.03173580753900751,0.0,0.0
153,500.0,0.03081832577345267,0.0,0.0
154,500.0,0.0330625692358808,0.0,0.0
155,500.0,0.03195177443967623,0.0,0.0
156,500.0,0.03207863611623907,0.0,0.0
157,500.0,0.032279500437198294,0.0,0.0
158,500.0,0.03189665002128095,0.0,0.0
159,500.0,0.032078258551791805,0.0,0.0
160,500.0,0.035230167102781706,0.0,0.0
161,500.0,0.03256003086971759,0.0,0.0
162,500.0,0.031722592780624836,0.0,0.0
163,500.0,0.031942712891577685,0.0,0.0
164,500.0,0.032685382288036635,0.0,0.0
165,500.0,0.031679172861913685,0.0,0.0
166,500.0,0.03119777810843516,0.0,0.0
167,500.0,0.03105883436774093,0.0,0.0
168,500.0,0.03207146239037684,0.0,0.0
169,500.0,0.03469780113982779,0.0,0.0
170,500.0,0.03191703850461636,0.0,0.0
171,500.0,0.032062400842278294,0.0,0.0
172,500.0,0.03270161756199741,0.0,0.0
173,500.0,0.03277939585132117,0.0,0.0
174,500.0,0.03225382604978222,0.0,0.0
175,500.0,0.03286132735047431,0.0,0.0
176,500.0,0.03186229165066834,0.0,0.0
177,500.0,0.03252340711196666,0.0,0.0
178,500.0,0.032870766463474865,0.0,0.0
179,500.0,0.03186191408622108,0.0,0.0
180,500.0,0.03174033831282941,0.0,0.0
181,500.0,0.053046303756673296,0.0,0.0
182,500.0,0.03282357089938159,0.0,0.0
183,500.0,0.03438215720734661,0.0,0.0
184,500.0,0.032168496470148966,0.0,0.0
185,500.0,0.03466193251097138,0.0,0.0
186,500.0,0.033227564927528874,0.0,0.0
187,500.0,0.03238408580682517,0.0,0.0
188,500.0,0.031047884996951325,0.0,0.0
189,500.0,0.03189513976303715,0.0,0.0
190,500.0,0.03405820685566141,0.0,0.0
191,500.0,0.031722215216177574,0.0,0.0
192,500.0,0.030472854244635528,0.0,0.0
193,500.0,0.03503232329785533,0.0,0.0
194,500.0,0.04064179926126599,0.0,0.0
195,500.0,0.032485273095971934,0.0,0.0
196,500.0,0.032116015002884524,0.0,0.0
197,500.0,0.031179655011783325,0.0,0.0
198,500.0,0.03329628166920884,0.0,0.0
199,500.0,0.031852474973220524,0.0,0.0
200,500.0,0.03177167616740917,0.0,0.0
201,500.0,0.035944519160239,0.0,0.0
202,500.0,0.031977826391539566,0.0,0.0
203,500.0,0.03343031707117916,0.0,0.0
204,500.0,0.03156854645976637,0.0,0.0
205,500.0,0.030536285082234826,0.0,0.0
206,500.0,0.030468701034806145,0.0,0.0
207,500.0,0.031386182800360984,0.0,0.0
208,500.0,0.031587424685312726,0.0,0.0
209,500.0,0.03442029122334134,0.0,0.0
210,500.0,0.032617798240153206,0.0,0.0
211,500.0,0.032254581178676744,0.0,0.0
212,500.0,0.03229724596894812,0.0,0.0
213,500.0,0.03284018373778963,0.0,0.0
214,500.0,0.03218057853428036,0.0,0.0
215,500.0,0.03222815166282089,0.0,0.0
216,500.0,0.03175317550631007,0.0,0.0
217,500.0,0.03195592764950561,0.0,0.0
218,500.0,0.031589312508003786,0.0,0.0
219,500.0,0.03199066358502023,0.0,0.0
220,500.0,0.033975520227158995,0.0,0.0
221,500.0,0.03221040613107107,0.0,0.0
222,500.0,0.03527925048911129,0.0,0.0
223,500.0,0.03213074001905625,0.0,0.0
224,500.0,0.0320408796646916,0.0,0.0
225,500.0,0.031512666912021814,0.0,0.0
226,500.0,0.03241504609695767,0.0,0.0
227,500.0,0.03109243760945901,0.0,0.0
228,500.0,0.03552882063149809,0.0,0.0
229,500.0,0.03172372547442137,0.0,0.0
230,500.0,0.03204616556786277,0.0,0.0
231,500.0,0.031946110972057795,0.0,0.0
232,500.0,0.03152814705708806,0.0,0.0
233,500.0,0.03192987569809702,0.0,0.0
234,500.0,0.03423830512792847,0.0,0.0
235,500.0,0.030726200031949702,0.0,0.0
236,500.0,0.03048493630831217,0.0,0.0
237,500.0,0.03267216752965396,0.0,0.0
238,500.0,0.032690290626305796,0.0,0.0
239,500.0,0.03257626614367837,0.0,0.0
240,500.0,0.03276240544846587,0.0,0.0
241,500.0,0.031684458765084855,0.0,0.0
242,500.0,0.031680683119702735,0.0,0.0
243,500.0,0.03225722413071708,0.0,0.0
244,500.0,0.03196800971409175,0.0,0.0
245,500.0,0.03220738561503822,0.0,0.0
246,500.0,0.03352697358604928,0.0,0.0
247,500.0,0.034553193931515125,0.0,0.0
248,500.0,0.03631830802760305,0.0,0.0
249,500.0,0.03179093195740279,0.0,0.0
250,500.0,0.03391737529273087,0.0,0.0
251,500.0,0.032166608647457906,0.0,0.0
252,500.0,0.032704260513582994,0.0,0.0
253,500.0,0.03197971421377588,0.0,0.0
254,500.0,0.030785477660629113,0.0,0.0
255,500.0,0.030428301631673094,0.0,0.0
256,500.0,0.032109596406371566,0.0,0.0
257,500.0,0.031197022979540634,0.0,0.0
258,500.0,0.03237691208096294,0.0,0.0
259,500.0,0.03197216292392113,0.0,0.0
260,500.0,0.03300253647876161,0.0,0.0
261,500.0,0.031789799264061,0.0,0.0
262,500.0,0.03215943492205042,0.0,0.0
263,500.0,0.032373136436035566,0.0,0.0
264,500.0,0.03234028832321201,0.0,0.0
265,500.0,0.03202464439073083,0.0,0.0
266,500.0,0.03285302093172504,0.0,0.0
267,500.0,0.0340238484850488,0.0,0.0
268,500.0,0.03395626443716537,0.0,0.0
269,500.0,0.03251887633769002,0.0,0.0
270,500.0,0.03267669830393061,0.0,0.0
271,500.0,0.031961968682026054,0.0,0.0
272,500.0,0.032386728758410754,0.0,0.0
273,500.0,0.031503982927915786,0.0,0.0
274,500.0,0.03142054117097359,0.0,0.0
275,500.0,0.03373312381017968,0.0,0.0
276,500.0,0.03171164340983523,0.0,0.0
277,500.0,0.03254681611178967,0.0,0.0
278,500.0,0.03283980617334237,0.0,0.0
279,500.0,0.031608190733550146,0.0,0.0
280,500.0,0.03326418868573455,0.0,0.0
281,500.0,0.0328035599800387,0.0,0.0
282,500.0,0.03318565526706152,0.0,0.0
283,500.0,0.032010296939461114,0.0,0.0
284,500.0,0.03248716091911774,0.0,0.0
285,500.0,0.032588348208264506,0.0,0.0
286,500.0,0.031187961430987343,0.0,0.0
287,500.0,0.0314160103962422,0.0,0.0
288,500.0,0.03225344848533496,0.0,0.0
289,500.0,0.03278241636735402,0.0,0.0
290,500.0,0.0314718899444415,0.0,0.0
291,500.0,0.032728424642300524,0.0,0.0
292,500.0,0.03221267151820939,0.0,0.0
293,500.0,0.03178564605468637,0.0,0.0
294,500.0,0.03190571156937949,0.0,0.0
295,500.0,0.03137145778418926,0.0,0.0
296,500.0,0.031691632490947086,0.0,0.0
297,500.0,0.03163650807209706,0.0,0.0
298,500.0,0.03246073140326189,0.0,0.0
299,500.0,0.031708622893802385,0.0,0.0
300,500.0,0.03586749599980976,0.0,0.0
301,500.0,0.032038614278008026,0.0,0.0
302,500.0,0.03186946537653057,0.0,0.0
303,500.0,0.03300555699479446,0.0,0.0
304,500.0,0.03193478403682093,0.0,0.0
305,500.0,0.03259212385319188,0.0,0.0
306,500.0,0.03212922976081245,0.0,0.0
307,500.0,0.032727669513406,0.0,0.0
308,500.0,0.033479778022410756,0.0,0.0
309,500.0,0.032496222467216285,0.0,0.0
310,500.0,0.03245884358011608,0.0,0.0
311,500.0,0.034646829930807144,0.0,0.0
312,500.0,0.03127404613951512,0.0,0.0
313,500.0,0.031417520654486,0.0,0.0
314,500.0,0.03177847232882414,0.0,0.0
315,500.0,0.033991000372225244,0.0,0.0
316,500.0,0.031561372733904136,0.0,0.0
317,500.0,0.031453766847789666,0.0,0.0
318,500.0,0.03515956253841068,0.0,0.0
319,500.0,0.031748267167586164,0.0,0.0
320,500.0,0.0316874792811177,0.0,0.0
321,500.0,0.032881338269817206,0.0,0.0
322,500.0,0.03156892402421363,0.0,0.0
323,500.0,0.031103386980248615,0.0,0.0
324,500.0,0.031001822126654588,0.0,0.0
325,500.0,0.030357319503764302,0.0,0.0
326,500.0,0.030413199051054107,0.0,0.0
327,500.0,0.030834183482966182,0.0,0.0
328,500.0,0.03048493630876692,0.0,0.0
329,500.0,0.031323884655648726,0.0,0.0
330,500.0,0.03219870163093219,0.0,0.0
331,500.0,0.032270438888645,0.0,0.0
332,500.0,0.03201331745549396,0.0,0.0
333,500.0,0.03383468866422845,0.0,0.0
334,500.0,0.032382197984588856,0.0,0.0
335,500.0,0.03197820395553208,0.0,0.0
336,500.0,0.03376597192254849,0.0,0.0
337,500.0,0.032707658594063105,0.0,0.0
338,500.0,0.03220247727631431,0.0,0.0
339,500.0,0.03183057623164132,0.0,0.0
340,500.0,0.03150662587950137,0.0,0.0
341,500.0,0.03365761090753949,0.0,0.0
342,500.0,0.031944600714268745,0.0,0.0
343,500.0,0.03166595810398576,0.0,0.0
344,500.0,0.031587424685312726,0.0,0.0
345,500.0,0.03174751203869164,0.0,0.0
346,500.0,0.031304251300753094,0.0,0.0
347,500.0,0.0316051702175173,0.0,0.0
348,500.0,0.033021414703853225,0.0,0.0
349,500.0,0.032681606642654515,0.0,0.0
350,500.0,0.03205522711641606,0.0,0.0
351,500.0,0.03226439785612456,0.0,0.0
352,500.0,0.031781492844856984,0.0,0.0
353,500.0,0.03202162387469798,0.0,0.0
354,500.0,0.032222488195657206,0.0,0.0
355,500.0,0.03069146409688983,0.0,0.0
356,500.0,0.03129367949441075,0.0,0.0
357,500.0,0.03126045381759468,0.0,0.0
358,500.0,0.03155835221787129,0.0,0.0
359,500.0,0.0322409888567563,0.0,0.0
360,500.0,0.03291758446266613,0.0,0.0
361,500.0,0.03212167847050296,0.0,0.0
362,500.0,0.03138353984832065,0.0,0.0
363,500.0,0.03211148422860788,0.0,0.0
364,500.0,0.032296868404500856,0.0,0.0
365,500.0,0.032244764501683676,0.0,0.0
366,500.0,0.034306644304706424,0.0,0.0
367,500.0,0.032442608306610055,0.0,0.0
368,500.0,0.031790554393410275,0.0,0.0
369,500.0,0.034171853773841576,0.0,0.0
370,500.0,0.03244638395153743,0.0,0.0
371,500.0,0.031892119246549555,0.0,0.0
372,500.0,0.03399590871094915,0.0,0.0
373,500.0,0.03240938262888449,0.0,0.0
374,500.0,0.031455654670480726,0.0,0.0
375,500.0,0.03265706494948972,0.0,0.0
376,500.0,0.031479818799198256,0.0,0.0
377,500.0,0.032057492503554386,0.0,0.0
378,500.0,0.033068232703499234,0.0,0.0
379,500.0,0.03429909301485168,0.0,0.0
380,500.0,0.03332422144330849,0.0,0.0
381,500.0,0.031695030571427196,0.0,0.0
382,500.0,0.031904578876037704,0.0,0.0
383,500.0,0.0321028002449566,0.0,0.0
384,500.0,0.03154362720215431,0.0,0.0
385,500.0,0.031432623235104984,0.0,0.0
386,500.0,0.03006055379682948,0.0,0.0
387,500.0,0.030203650746898347,0.0,0.0
388,500.0,0.0308889303369142,0.0,0.0
389,500.0,0.03140770397703818,0.0,0.0
390,500.0,0.03206013545513997,0.0,0.0
391,500.0,0.032140934260951326,0.0,0.0
392,500.0,0.031512289347119804,0.0,0.0
393,500.0,0.0314299802835194,0.0,0.0
394,500.0,0.03325172905670115,0.0,0.0
395,500.0,0.03191024234320139,0.0,0.0
396,500.0,0.03232858382352788,0.0,0.0
397,500.0,0.031920059020649205,0.0,0.0
398,500.0,0.031795840296581446,0.0,0.0
399,500.0,0.032172272115531086,0.0,0.0
400,500.0,0.03344881773227826,0.0,0.0
401,500.0,0.03171013315204618,0.0,0.0
402,500.0,0.03412428064530104,0.0,0.0
403,500.0,0.03283716322221153,0.0,0.0
404,500.0,0.03191779363396563,0.0,0.0
405,500.0,0.03191024234365614,0.0,0.0
406,500.0,0.030904032917533186,0.0,0.0
407,500.0,0.03165236578161057,0.0,0.0
408,500.0,0.03072620003240445,0.0,0.0
409,500.0,0.03464796262414893,0.0,0.0
410,500.0,0.033078804509841575,0.0,0.0
411,500.0,0.03187739423083258,0.0,0.0
412,500.0,0.03531889476289507,0.0,0.0
413,500.0,0.031503982927915786,0.0,0.0
414,500.0,0.0313276603005761,0.0,0.0
415,500.0,0.031155868447513058,0.0,0.0
416,500.0,0.03106034462552998,0.0,0.0
417,500.0,0.031456787363822514,0.0,0.0
418,500.0,0.030743945564154274,0.0,0.0
419,500.0,0.03149416625046797,0.0,0.0
420,500.0,0.031226095446982072,0.0,0.0
421,500.0,0.03221682472803877,0.0,0.0
422,500.0,0.030449067679910513,0.0,0.0
423,500.0,0.030495130550661997,0.0,0.0
424,500.0,0.03156552594373352,0.0,0.0
425,500.0,0.03233047164576419,0.0,0.0
426,500.0,0.03200954181056659,0.0,0.0
427,500.0,0.03190080323111033,0.0,0.0
428,500.0,0.03262232901442985,0.0,0.0
429,500.0,0.030143995553771674,0.0,0.0
430,500.0,0.032570602676059934,0.0,0.0
431,500.0,0.031519463072982035,0.0,0.0
432,500.0,0.03124421854317916,0.0,0.0
433,500.0,0.03444672073874244,0.0,0.0
434,500.0,0.0324626192254982,0.0,0.0
435,500.0,0.031596108669418754,0.0,0.0
436,500.0,0.0326733002234505,0.0,0.0
437,500.0,0.03169540813587446,0.0,0.0
438,500.0,0.03156854645976637,0.0,0.0
439,500.0,0.03215905735760316,0.0,0.0
440,500.0,0.03242750572553632,0.0,0.0
441,500.0,0.032641962368870736,0.0,0.0
442,500.0,0.03148548226681669,0.0,0.0
443,500.0,0.032657442513936985,0.0,0.0
444,500.0,0.03218171122807689,0.0,0.0
445,500.0,0.032537754563236376,0.0,0.0
446,500.0,0.031738072925691085,0.0,0.0
447,500.0,0.03137145778418926,0.0,0.0
448,500.0,0.03055289792109761,0.0,0.0
449,500.0,0.0316455696201956,0.0,0.0
450,500.0,0.031018434964607877,0.0,0.0
451,500.0,0.0322889395497441,0.0,0.0
452,500.0,0.0311105607056561,0.0,0.0
453,500.0,0.030809641789346642,0.0,0.0
454,500.0,0.03072280195192434,0.0,0.0
455,500.0,0.031360130848952394,0.0,0.0
456,500.0,0.03262723735315376,0.0,0.0
457,500.0,0.03304029292985433,0.0,0.0
458,500.0,0.03364250832737525,0.0,0.0
459,500.0,0.03397778561429732,0.0,0.0
460,500.0,0.033383876635980414,0.0,0.0
461,500.0,0.03198160203646694,0.0,0.0
462,500.0,0.03196121355267678,0.0,0.0
463,500.0,0.03285868439888873,0.0,0.0
464,500.0,0.03487110325113463,0.0,0.0
465,500.0,0.03187022050497035,0.0,0.0
466,500.0,0.039237636838606704,0.0,0.0
467,500.0,0.03186757755383951,0.0,0.0
468,500.0,0.03177545181279129,0.0,0.0
469,500.0,0.03275560928750565,0.0,0.0
470,500.0,0.03216019005094495,0.0,0.0
471,500.0,0.03183435187656869,0.0,0.0
472,500.0,0.0324780993701097,0.0,0.0
473,500.0,0.0315432496372523,0.0,0.0
474,500.0,0.031469246992855915,0.0,0.0
475,500.0,0.032919472285811935,0.0,0.0
476,500.0,0.03203483863308065,0.0,0.0
477,500.0,0.03293381973708165,0.0,0.0
478,500.0,0.03172372547442137,0.0,0.0
479,500.0,0.031333701332641795,0.0,0.0
480,500.0,0.03164745744288666,0.0,0.0
481,500.0,0.032131872712398035,0.0,0.0
482,500.0,0.031964989197604154,0.0,0.0
483,500.0,0.03112037738355866,0.0,0.0
484,500.0,0.031673886958742514,0.0,0.0
485,500.0,0.03125818843045636,0.0,0.0
486,500.0,0.03143753157382889,0.0,0.0
487,500.0,0.03064804417817868,0.0,0.0
488,500.0,0.031035425367917924,0.0,0.0
489,500.0,0.030945187449560763,0.0,0.0
490,500.0,0.031437909138276154,0.0,0.0
491,500.0,0.032457333321872284,0.0,0.0
492,500.0,0.031197022979085887,0.0,0.0
493,500.0,0.031332191074852744,0.0,0.0
494,500.0,0.03426322438599527,0.0,0.0
495,500.0,0.03268122907820725,0.0,0.0
496,500.0,0.03307427373556493,0.0,0.0
497,500.0,0.031389580880841095,0.0,0.0
498,500.0,0.03136277380053798,0.0,0.0
499,500.0,0.030993515706995822,0.0,0.0
500,500.0,0.03558130209921728,0.0,0.0
501,500.0,0.03279336573859837,0.0,0.0
502,500.0,0.03244676151598469,0.0,0.0
503,500.0,0.03273446567436622,0.0,0.0
504,500.0,0.031853985231009574,0.0,0.0
505,500.0,0.03194233532713042,0.0,0.0
506,500.0,0.03199821487532972,0.0,0.0
507,500.0,0.031901180795102846,0.0,0.0
508,500.0,0.031379009074498754,0.0,0.0
509,500.0,0.03199934756821676,0.0,0.0
510,500.0,0.03197442831060471,0.0,0.0
511,500.0,0.032183976615215215,0.0,0.0
512,500.0,0.03199783731042771,0.0,0.0
513,500.0,0.03191930389175468,0.0,0.0
514,500.0,0.03261855336904773,0.0,0.0
515,500.0,0.0334873293122655,0.0,0.0
516,500.0,0.03248036475770277,0.0,0.0
517,500.0,0.03197895908488135,0.0,0.0
518,500.0,0.03156024004056235,0.0,0.0
519,500.0,0.032298001097842644,0.0,0.0
520,500.0,0.03213338297064183,0.0,0.0
521,500.0,0.03197895908488135,0.0,0.0
522,500.0,0.031869842940523085,0.0,0.0
523,500.0,0.0321028002449566,0.0,0.0
524,500.0,0.03269066819075306,0.0,0.0
525,500.0,0.032236080518032395,0.0,0.0
526,500.0,0.03261364503077857,0.0,0.0
527,500.0,0.03346656326402808,0.0,0.0
528,500.0,0.031717684442355676,0.0,0.0
529,500.0,0.03216887403459623,0.0,0.0
530,500.0,0.034690249849518295,0.0,0.0
531,500.0,0.03313279623489507,0.0,0.0
532,500.0,0.031792064651199325,0.0,0.0
533,500.0,0.034802386509454664,0.0,0.0
534,500.0,0.03114227612513787,0.0,0.0
535,500.0,0.030622369791217352,0.0,0.0
536,500.0,0.03188154744066196,0.0,0.0
537,500.0,0.03139260139687394,0.0,0.0
538,500.0,0.03125781086555435,0.0,0.0
539,500.0,0.03215943492205042,0.0,0.0
540,500.0,0.03131482310755018,0.0,0.0
541,500.0,0.03217076185728729,0.0,0.0
542,500.0,0.03181018774785116,0.0,0.0
543,500.0,0.031875128843694256,0.0,0.0
544,500.0,0.032097136777338164,0.0,0.0
545,500.0,0.03269784191661529,0.0,0.0
546,500.0,0.03235614603272552,0.0,0.0
547,500.0,0.03190042566620832,0.0,0.0
548,500.0,0.03173505240965824,0.0,0.0
549,500.0,0.03207901368068633,0.0,0.0
550,500.0,0.032254958743578754,0.0,0.0
551,500.0,0.03333781376522893,0.0,0.0
552,500.0,0.03196461163361164,0.0,0.0
553,500.0,0.03235539090428574,0.0,0.0
554,500.0,0.03210884127702229,0.0,0.0
555,500.0,0.033748603955245926,0.0,0.0
556,500.0,0.03159459841117496,0.0,0.0
557,500.0,0.03295458578486432,0.0,0.0
558,500.0,0.031348048784366256,0.0,0.0
559,500.0,0.030896859191670956,0.0,0.0
560,500.0,0.033009710204169096,0.0,0.0
561,500.0,0.03212696437367413,0.0,0.0
562,500.0,0.03237200374223903,0.0,0.0
563,500.0,0.03251283530562432,0.0,0.0
564,500.0,0.032265530549921095,0.0,0.0
565,500.0,0.03126838267189669,0.0,0.0
566,500.0,0.03413258706450506,0.0,0.0
567,500.0,0.03201445014883575,0.0,0.0
568,500.0,0.03123100378570598,0.0,0.0
569,500.0,0.032131872712398035,0.0,0.0
570,500.0,0.031069783738530532,0.0,0.0
571,500.0,0.031252524962837924,0.0,0.0
572,500.0,0.031557597088522016,0.0,0.0
573,500.0,0.032378799903654,0.0,0.0
574,500.0,0.03140279563876902,0.0,0.0
575,500.0,0.03293042165660154,0.0,0.0
576,500.0,0.03134049749405676,0.0,0.0
577,500.0,0.03212205603495022,0.0,0.0
578,500.0,0.03183963777973986,0.0,0.0
579,500.0,0.03231310367846163,0.0,0.0
580,500.0,0.03183737239260154,0.0,0.0
581,500.0,0.032098647035127215,0.0,0.0
582,500.0,0.031784890925337095,0.0,0.0
583,500.0,0.03237691208096294,0.0,0.0
584,500.0,0.030945565014008025,0.0,0.0
585,500.0,0.03176488000644895,0.0,0.0
586,500.0,0.032553234708302625,0.0,0.0
587,500.0,0.03308220259077643,0.0,0.0
588,500.0,0.03150209510567947,0.0,0.0
589,500.0,0.03229271519467147,0.0,0.0
590,500.0,0.031602527265476965,0.0,0.0
591,500.0,0.03209751434178543,0.0,0.0
592,500.0,0.03206391110052209,0.0,0.0
593,500.0,0.03360173135979494,0.0,0.0
594,500.0,0.03252453980530845,0.0,0.0
595,500.0,0.032375024258726626,0.0,0.0
596,500.0,0.03212054577716117,0.0,0.0
597,500.0,0.03142356168655169,0.0,0.0
598,500.0,0.0317169293130064,0.0,0.0
599,500.0,0.03312373468725127,0.0,0.0
600,500.0,0.03175317550676482,0.0,0.0
601,500.0,0.03220700805059096,0.0,0.0
602,500.0,0.03289266520505407,0.0,0.0
603,500.0,0.03245393524139217,0.0,0.0
604,500.0,0.032063911100067344,0.0,0.0
605,500.0,0.031925722488722386,0.0,0.0
606,500.0,0.0317833806670933,0.0,0.0
607,500.0,0.03206013545513997,0.0,0.0
608,500.0,0.036097055223308416,0.0,0.0
609,500.0,0.03907264114695863,0.0,0.0
610,500.0,0.03241542366140493,0.0,0.0
611,500.0,0.0329957403168919,0.0,0.0
612,500.0,0.0332192585087796,0.0,0.0
613,500.0,0.031571566975799215,0.0,0.0
614,500.0,0.03177167616740917,0.0,0.0
615,500.0,0.036426669043066795,0.0,0.0
616,500.0,0.033339324023927475,0.0,0.0
617,500.0,0.03424208077285584,0.0,0.0
618,500.0,0.03166142732970911,0.0,0.0
619,500.0,0.031240065333804523,0.0,0.0
620,500.0,0.032276102356263436,0.0,0.0
621,500.0,0.032157924663806625,0.0,0.0
622,500.0,0.032237590775821445,0.0,0.0
623,500.0,0.03374067510048917,0.0,0.0
624,500.0,0.03298139286562218,0.0,0.0
625,500.0,0.032183599050313205,0.0,0.0
626,500.0,0.032244764501683676,0.0,0.0
627,500.0,0.032043145051829924,0.0,0.0
628,500.0,0.03169842865190731,0.0,0.0
629,500.0,0.03206202327783103,0.0,0.0
630,500.0,0.031649345265122975,0.0,0.0
631,500.0,0.03466042225318233,0.0,0.0
632,500.0,0.050308961040627764,0.0,0.0
633,500.0,0.040915155967923056,0.0,0.0
634,500.0,0.03550352380989352,0.0,0.0
635,500.0,0.03251963146703929,0.0,0.0
636,500.0,0.030955759255448356,0.0,0.0
637,500.0,0.031181165270027122,0.0,0.0
638,500.0,0.0315013399763302,0.0,0.0
639,500.0,0.03217944584093857,0.0,0.0
640,500.0,0.031647835007333924,0.0,0.0
641,500.0,0.0318562506181479,0.0,0.0
642,500.0,0.03218699713124806,0.0,0.0
643,500.0,0.031453766847789666,0.0,0.0
644,500.0,0.03129632244599634,0.0,0.0
645,500.0,0.033847148292807105,0.0,0.0
646,500.0,0.032636676465699566,0.0,0.0
647,500.0,0.03266348354645743,0.0,0.0
648,500.0,0.0310890395289789,0.0,0.0
649,500.0,0.03215301632508272,0.0,0.0
650,500.0,0.03220134458251778,0.0,0.0
651,500.0,0.031452256590000616,0.0,0.0
652,500.0,0.03159346571783317,0.0,0.0
653,500.0,0.03186946537607582,0.0,0.0
654,500.0,0.031533432959804486,0.0,0.0
655,500.0,0.03263780915904135,0.0,0.0
656,500.0,0.03190042566620832,0.0,0.0
657,500.0,0.03229649084005359,0.0,0.0
658,500.0,0.032641962368870736,0.0,0.0
659,500.0,0.03223343756644681,0.0,0.0
660,500.0,0.03242221982236515,0.0,0.0
661,500.0,0.031869842940523085,0.0,0.0
662,500.0,0.032022379003592505,0.0,0.0
663,500.0,0.03095085091672445,0.0,0.0
664,500.0,0.03370744942321835,0.0,0.0
665,500.0,0.03182038198974624,0.0,0.0
666,500.0,0.032633278385219455,0.0,0.0
667,500.0,0.03276467083560419,0.0,0.0
668,500.0,0.031878526924174366,0.0,0.0
669,500.0,0.031497186766955565,0.0,0.0
670,500.0,0.03245506793518871,0.0,0.0
671,500.0,0.03184907689274041,0.0,0.0
672,500.0,0.032379555032548524,0.0,0.0
673,500.0,0.03246073140280714,0.0,0.0
674,500.0,0.031611966378932266,0.0,0.0
675,500.0,0.03340426511977057,0.0,0.0
676,500.0,0.03216698621190517,0.0,0.0
677,500.0,0.032227396534381114,0.0,0.0
678,500.0,0.031855873053700634,0.0,0.0
679,500.0,0.0336145685532756,0.0,0.0
680,500.0,0.03271709770706366,0.0,0.0
681,500.0,0.0322594895178554,0.0,0.0
682,500.0,0.03188607821448386,0.0,0.0
683,500.0,0.03215037337349713,0.0,0.0
684,500.0,0.03211072909971335,0.0,0.0
685,500.0,0.03341068371628353,0.0,0.0
686,500.0,0.03199972513311877,0.0,0.0
687,500.0,0.03160252726593171,0.0,0.0
688,500.0,0.03159724136276054,0.0,0.0
689,500.0,0.0321277195030234,0.0,0.0
690,500.0,0.03202766490721842,0.0,0.0
691,500.0,0.03260571617556707,0.0,0.0
692,500.0,0.03316451165437684,0.0,0.0
693,500.0,0.03228327608212567,0.0,0.0
694,500.0,0.03208807522923962,0.0,0.0
695,500.0,0.03179281978009385,0.0,0.0
696,500.0,0.03263592133635029,0.0,0.0
697,500.0,0.03268387202979284,0.0,0.0
698,500.0,0.03294250372073293,0.0,0.0
699,500.0,0.03172372547442137,0.0,0.0
700,500.0,0.03283376514127667,0.0,0.0
701,500.0,0.031878904489076376,0.0,0.0
702,500.0,0.03198839819742716,0.0,0.0
703,500.0,0.03236709540396987,0.0,0.0
704,500.0,0.03159837405655708,0.0,0.0
705,500.0,0.03190344618224117,0.0,0.0
706,500.0,0.033670825665922166,0.0,0.0
707,500.0,0.032574000756540045,0.0,0.0
708,500.0,0.031975938568848505,0.0,0.0
709,500.0,0.03207901368068633,0.0,0.0
710,500.0,0.03195441739126181,0.0,0.0
711,500.0,0.03230895046863225,0.0,0.0
712,500.0,0.032281010694987344,0.0,0.0
713,500.0,0.03232443061415324,0.0,0.0
714,500.0,0.03201671553597407,0.0,0.0
715,500.0,0.03200199051980235,0.0,0.0
716,500.0,0.032223243324096984,0.0,0.0
717,500.0,0.032193038163768506,0.0,0.0
718,500.0,0.03205447198706679,0.0,0.0
719,500.0,0.031578363136759435,0.0,0.0
720,500.0,0.03208241176162119,0.0,0.0
721,500.0,0.032766936222742515,0.0,0.0
722,500.0,0.032232304872650275,0.0,0.0
723,500.0,0.03174373639330952,0.0,0.0
724,500.0,0.03183095379608858,0.0,0.0
725,500.0,0.03257853153081669,0.0,0.0
726,500.0,0.032364074887482275,0.0,0.0
727,500.0,0.03205787006800165,0.0,0.0
728,500.0,0.032138668873358256,0.0,0.0
729,500.0,0.03146660404127033,0.0,0.0
730,500.0,0.031502472670126735,0.0,0.0
731,500.0,0.03430815456295022,0.0,0.0
732,500.0,0.033752002035726036,0.0,0.0
733,500.0,0.03278317149670329,0.0,0.0
734,500.0,0.03219530355045208,0.0,0.0
735,500.0,0.03192458979492585,0.0,0.0
736,500.0,0.034263601950442535,0.0,0.0
737,500.0,0.036454231252264435,0.0,0.0
738,500.0,0.03305690576826237,0.0,0.0
739,500.0,0.03176563513534347,0.0,0.0
740,500.0,0.03178300310310078,0.0,0.0
741,500.0,0.03234670692017971,0.0,0.0
742,500.0,0.03244940446711553,0.0,0.0
743,500.0,0.03219039521172817,0.0,0.0
744,500.0,0.03209185087371225,0.0,0.0
745,500.0,0.034343268062457355,0.0,0.0
746,500.0,0.032558898176375806,0.0,0.0
747,500.0,0.03189476219858989,0.0,0.0
748,500.0,0.03153154513756817,0.0,0.0
749,500.0,0.03136428405832703,0.0,0.0
750,500.0,0.031604415088168025,0.0,0.0
751,500.0,0.031821514683088026,0.0,0.0
752,500.0,0.032401076210135216,0.0,0.0
753,500.0,0.031816228779916855,0.0,0.0
754,500.0,0.03135182442929363,0.0,0.0
755,500.0,0.031561372733904136,0.0,0.0
756,500.0,0.03213715861602395,0.0,0.0
757,500.0,0.0318377499570488,0.0,0.0
758,500.0,0.0317773396350276,0.0,0.0
759,500.0,0.031441307218756265,0.0,0.0
760,500.0,0.031522861153462145,0.0,0.0
761,500.0,0.032129984889706975,0.0,0.0
762,500.0,0.03190533400493223,0.0,0.0
763,500.0,0.03211072909971335,0.0,0.0
764,500.0,0.03523394274770908,0.0,0.0
765,500.0,0.0320114296328029,0.0,0.0
766,500.0,0.03329590410430683,0.0,0.0
767,500.0,0.03296138194627929,0.0,0.0
768,500.0,0.031024098432681058,0.0,0.0
769,500.0,0.03109243760945901,0.0,0.0
770,500.0,0.03196989753632806,0.0,0.0
771,500.0,0.03215528171222104,0.0,0.0
772,500.0,0.03221909011472235,0.0,0.0
773,500.0,0.032276102356263436,0.0,0.0
774,500.0,0.03165727411987973,0.0,0.0
775,500.0,0.033357824684571824,0.0,0.0
776,500.0,0.03287001133412559,0.0,0.0
777,500.0,0.03164405936240655,0.0,0.0
778,500.0,0.03047134398639173,0.0,0.0
779,500.0,0.03368894876211925,0.0,0.0
780,500.0,0.03234746204907424,0.0,0.0
781,500.0,0.030783967402840062,0.0,0.0
782,500.0,0.032785436883386865,0.0,0.0
783,500.0,0.03131557823644471,0.0,0.0
784,500.0,0.03115473575417127,0.0,0.0
785,500.0,0.031360130848952394,0.0,0.0
786,500.0,0.03210808614812777,0.0,0.0
787,500.0,0.03200576616518447,0.0,0.0
788,500.0,0.033075028864459455,0.0,0.0
789,500.0,0.03282243820558506,0.0,0.0
790,500.0,0.032010674503908376,0.0,0.0
791,500.0,0.03264989122362749,0.0,0.0
792,500.0,0.0317184395712502,0.0,0.0
793,500.0,0.032808090754315344,0.0,0.0
794,500.0,0.031892496811451565,0.0,0.0
795,500.0,0.03126422946252205,0.0,0.0
796,500.0,0.031722970345526846,0.0,0.0
797,500.0,0.03504629318513253,0.0,0.0
798,500.0,0.03121552364063973,0.0,0.0
799,500.0,0.03139222383242668,0.0,0.0
800,500.0,0.032877940189337096,0.0,0.0
801,500.0,0.033510360747641244,0.0,0.0
802,500.0,0.03229384788801326,0.0,0.0
803,500.0,0.032328206259080616,0.0,0.0
804,500.0,0.031984622552499786,0.0,0.0
805,500.0,0.03166973374891313,0.0,0.0
806,500.0,0.03234670692017971,0.0,0.0
807,500.0,0.031453766847789666,0.0,0.0
808,500.0,0.031960458423782256,0.0,0.0
809,500.0,0.033477890199719695,0.0,0.0
810,500.0,0.03138089689673507,0.0,0.0
811,500.0,0.031405438590354606,0.0,0.0
812,500.0,0.032175292631563934,0.0,0.0
813,500.0,0.03184794419894388,0.0,0.0
814,500.0,0.03149643163806104,0.0,0.0
815,500.0,0.032405984548404376,0.0,0.0
816,500.0,0.03171239853872976,0.0,0.0
817,500.0,0.03224136642074882,0.0,0.0
818,500.0,0.032433546758056764,0.0,0.0
819,500.0,0.03210091242226554,0.0,0.0
820,500.0,0.031667090797327546,0.0,0.0
821,500.0,0.03227232671133606,0.0,0.0
822,500.0,0.03257966422415848,0.0,0.0
823,500.0,0.03270841372341238,0.0,0.0
824,500.0,0.032560408434164856,0.0,0.0
825,500.0,0.03220021188917599,0.0,0.0
826,500.0,0.031857760876391694,0.0,0.0
827,500.0,0.034662310075418645,0.0,0.0
828,500.0,0.03218812982458985,0.0,0.0
829,500.0,0.03196083598822952,0.0,0.0
830,500.0,0.03470006652696611,0.0,0.0
831,500.0,0.03382336172853684,0.0,0.0
832,500.0,0.03210204511606207,0.0,0.0
833,500.0,0.032202854840761574,0.0,0.0
834,500.0,0.03206655405165293,0.0,0.0
835,500.0,0.0315198406374293,0.0,0.0
836,500.0,0.03190155835955011,0.0,0.0
837,500.0,0.03207259508417337,0.0,0.0
838,500.0,0.031942712891577685,0.0,0.0
839,500.0,0.032315369065145205,0.0,0.0
840,500.0,0.03178413579644257,0.0,0.0
841,500.0,0.03157383236293754,0.0,0.0
842,500.0,0.0317478896031389,0.0,0.0
843,500.0,0.031892119246549555,0.0,0.0
844,500.0,0.03235463577493647,0.0,0.0
845,500.0,0.03209940216447649,0.0,0.0
846,500.0,0.031645947184642864,0.0,0.0
847,500.0,0.03217189455062908,0.0,0.0
848,500.0,0.0329307992210488,0.0,0.0
849,500.0,0.03238219798413411,0.0,0.0
850,500.0,0.03222815166327564,0.0,0.0
851,500.0,0.032561541127506644,0.0,0.0
852,500.0,0.03230441969481035,0.0,0.0
853,500.0,0.032182088792524155,0.0,0.0
854,500.0,0.0328424491253827,0.0,0.0
855,500.0,0.03185964869862801,0.0,0.0
856,500.0,0.03106563052870115,0.0,0.0
857,500.0,0.031722592780624836,0.0,0.0
858,500.0,0.03476425249391468,0.0,0.0
859,500.0,0.030970106707172818,0.0,0.0
860,500.0,0.031548913104870735,0.0,0.0
861,500.0,0.03153607591139007,0.0,0.0
862,500.0,0.03206655405165293,0.0,0.0
863,500.0,0.03367913208467144,0.0,0.0
864,500.0,0.03212771950256865,0.0,0.0
865,500.0,0.03168181581349927,0.0,0.0
866,500.0,0.03205975789069271,0.0,0.0
867,500.0,0.0317184395712502,0.0,0.0
868,500.0,0.031871730763214146,0.0,0.0
869,500.0,0.03210544319699693,0.0,0.0
870,500.0,0.03124459610808117,0.0,0.0
871,500.0,0.031932518649682606,0.0,0.0
872,500.0,0.03431419559501592,0.0,0.0
873,500.0,0.03189665002128095,0.0,0.0
874,500.0,0.03240409672616806,0.0,0.0
875,500.0,0.03125969868824541,0.0,0.0
876,500.0,0.031696540829670994,0.0,0.0
877,500.0,0.03293986076960209,0.0,0.0
878,500.0,0.032172272115531086,0.0,0.0
879,500.0,0.03176336974820515,0.0,0.0
880,500.0,0.03250566158021684,0.0,0.0
881,500.0,0.032287806855947565,0.0,0.0
882,500.0,0.032237968340723455,0.0,0.0
883,500.0,0.03151228934757455,0.0,0.0
884,500.0,0.032003878342948155,0.0,0.0
885,500.0,0.03196800971409175,0.0,0.0
886,500.0,0.03180716723181831,0.0,0.0
887,500.0,0.03182604545736467,0.0,0.0
888,500.0,0.0350904682327382,0.0,0.0
889,500.0,0.031468869427953905,0.0,0.0
890,500.0,0.03236483001683155,0.0,0.0
891,500.0,0.03173807292614583,0.0,0.0
892,500.0,0.032402208903477,0.0,0.0
893,500.0,0.033566240295840544,0.0,0.0
894,500.0,0.03234028832321201,0.0,0.0
895,500.0,0.03198726550408537,0.0,0.0
896,500.0,0.03242901598378012,0.0,0.0
897,500.0,0.03423264166031004,0.0,0.0
898,500.0,0.03159459841117496,0.0,0.0
899,500.0,0.03211752526112832,0.0,0.0
900,500.0,0.03111282609324917,0.0,0.0
901,500.0,0.03167879529746642,0.0,0.0
902,500.0,0.031757328716139455,0.0,0.0
903,500.0,0.03323813673432596,0.0,0.0
904,500.0,0.031156623576407583,0.0,0.0
905,500.0,0.03180754479581083,0.0,0.0
906,500.0,0.03136579431611608,0.0,0.0
907,500.0,0.032234192695341335,0.0,0.0
908,500.0,0.03243618970964235,0.0,0.0
909,500.0,0.033042180752090644,0.0,0.0
910,500.0,0.03232367548480397,0.0,0.0
911,500.0,0.0329492998821479,0.0,0.0
912,500.0,0.032048430955001095,0.0,0.0
913,500.0,0.031053170900122495,0.0,0.0
914,500.0,0.033089753881085926,0.0,0.0
915,500.0,0.031829821102292044,0.0,0.0
916,500.0,0.03270690346516858,0.0,0.0
917,500.0,0.031613099071819306,0.0,0.0
918,500.0,0.03282168307669053,0.0,0.0
919,500.0,0.03384450534122152,0.0,0.0
920,500.0,0.03287680749554056,0.0,0.0
921,500.0,0.0318082999251601,0.0,0.0
922,500.0,0.031561372733904136,0.0,0.0
923,500.0,0.03194044750489411,0.0,0.0
924,500.0,0.03251963146703929,0.0,0.0
925,500.0,0.03175581845789566,0.0,0.0
926,500.0,0.031675397216531564,0.0,0.0
927,500.0,0.03201142963325765,0.0,0.0
928,500.0,0.031751665248066274,0.0,0.0
929,500.0,0.0321307400186015,0.0,0.0
930,500.0,0.033623252536926884,0.0,0.0
931,500.0,0.0315696791535629,0.0,0.0
932,500.0,0.03130651668789142,0.0,0.0
933,500.0,0.0322625100334335,0.0,0.0
934,500.0,0.03192949813364976,0.0,0.0
935,500.0,0.03212545411543033,0.0,0.0
936,500.0,0.03204427774562646,0.0,0.0
937,500.0,0.03199255140771129,0.0,0.0
938,500.0,0.031627446523998515,0.0,0.0
939,500.0,0.03193629429506473,0.0,0.0
940,500.0,0.03157911826610871,0.0,0.0
941,500.0,0.03177205373185643,0.0,0.0
942,500.0,0.032298756227191916,0.0,0.0
943,500.0,0.0323013991787775,0.0,0.0
944,500.0,0.03073979235432489,0.0,0.0
945,500.0,0.03170484724887501,0.0,0.0
946,500.0,0.0314609405736519,0.0,0.0
947,500.0,0.03198990845567096,0.0,0.0
948,500.0,0.032643472627114534,0.0,0.0
949,500.0,0.03368970389101378,0.0,0.0
950,500.0,0.032109218841469556,0.0,0.0
951,500.0,0.03191288529524172,0.0,0.0
952,500.0,0.031912885294786975,0.0,0.0
953,500.0,0.033349518265367806,0.0,0.0
954,500.0,0.03372179687494281,0.0,0.0
955,500.0,0.03185511792480611,0.0,0.0
956,500.0,0.031835107005463215,0.0,0.0
957,500.0,0.03287491967330425,0.0,0.0
958,500.0,0.03118909412432913,0.0,0.0
959,500.0,0.03164859013622845,0.0,0.0
960,500.0,0.03215301632508272,0.0,0.0
961,500.0,0.03148737008950775,0.0,0.0
962,500.0,0.03153418808869901,0.0,0.0
963,500.0,0.034311930207877595,0.0,0.0
964,500.0,0.03193365134347914,0.0,0.0
965,500.0,0.03144772581572397,0.0,0.0
966,500.0,0.0315462701537399,0.0,0.0
967,500.0,0.03176676782868526,0.0,0.0
968,500.0,0.032456578193432506,0.0,0.0
969,500.0,0.032692178448996856,0.0,0.0
970,500.0,0.033037649977814,0.0,0.0
971,500.0,0.03297082105927984,0.0,0.0
972,500.0,0.03265970790062056,0.0,0.0
973,500.0,0.03210808614812777,0.0,0.0
974,500.0,0.031927232746511436,0.0,0.0
975,500.0,0.03333177273361798,0.0,0.0
976,500.0,0.031218921720665094,0.0,0.0
977,500.0,0.03245393524139217,0.0,0.0
978,500.0,0.031677285039222625,0.0,0.0
979,500.0,0.03200463347138793,0.0,0.0
980,500.0,0.033267964330661925,0.0,0.0
981,500.0,0.03392228363100003,0.0,0.0
982,500.0,0.0324037191617208,0.0,0.0
983,500.0,0.03225986708230266,0.0,0.0
984,500.0,0.03276202788401861,0.0,0.0
985,500.0,0.031618384975445224,0.0,0.0
986,500.0,0.031355222510228486,0.0,0.0
987,500.0,0.031628956781787565,0.0,0.0
988,500.0,0.032232304872650275,0.0,0.0
989,500.0,0.031018057400615362,0.0,0.0
990,500.0,0.03212922976081245,0.0,0.0
991,500.0,0.030964820804456394,0.0,0.0
992,500.0,0.031616874717201426,0.0,0.0
993,500.0,0.03308144746142716,0.0,0.0
994,500.0,0.031827933279600984,0.0,0.0
995,500.0,0.03202011361645418,0.0,0.0
996,500.0,0.034510151577251236,0.0,0.0
997,500.0,0.032022379003592505,0.0,0.0
998,500.0,0.03212998489016172,0.0,0.0
999,500.0,0.033034251897788636,0.0,0.0
1000,0.0,0.0,0.0,0.0
1001,0.0,0.0,0.0,0.0
1002,0.0,0.0,0.0,0.0
1003,0.0,0.0,0.0,0.0
1004,0.0,0.0,0.0,0.0
1005,0.0,0.0,0.0,0.0
1006,0.0,0.0,0.0,0.0
1007,0.0,0.0,0.0,0.0
1008,0.0,0.0,0.0,0.0
1009,0.0,0.0,0.0,0.0
1010,0.0,0.0,0.0,0.0
1011,0.0,0.0,0.0,0.0
1012,0.0,0.0,0.0,0.0
1013,0.0,0.0,0.0,0.0
1014,0.0,0.0,0.0,0.0
1015,0.0,0.0,0.0,0.0
1016,0.0,0.0,0.0,0.0
1017,0.0,0.0,0.0,0.0
1018,0.0,0.0,0.0,0.0
1019,0.0,0.0,0.0,0.0
1020,0.0,0.0,0.0,0.0
1021,0.0,0.0,0.0,0.0
1022,0.0,0.0,0.0,0.0
1023,0.0,0.0,0.0,0.0
1024,0.0,0.0,0.0,0.0
1025,0.0,0.0,0.0,0.0
1026,0.0,0.0,0.0,0.0
1027,0.0,0.0,0.0,0.0
1028,0.0,0.0,0.0,0.0
1029,0.0,0.0,0.0,0.0
1030,0.0,0.0,0.0,0.0
1031,0.0,0.0,0.0,0.0
1032,0.0,0.0,0.0,0.0
1033,0.0,0.0,0.0,0.0
1034,0.0,0.0,0.0,0.0
1035,0.0,0.0,0.0,0.0
1036,0.0,0.0,0.0,0.0
1037,0.0,0.0,0.0,0.0
1038,0.0,0.0,0.0,0.0
1039,0.0,0.0,0.0,0.0
1040,0.0,0.0,0.0,0.0
1041,0.0,0.0,0.0,0.0
1042,0.0,0.0,0.0,0.0
1043,0.0,0.0,0.0,0.0
1044,0.0,0.0,0.0,0.0
1045,0.0,0.0,0.0,0.0
1046,0.0,0.0,0.0,0.0
1047,0.0,0.0,0.0,0.0
1048,0.0,0.0,0.0,0.0
1049,0.0,0.0,0.0,0.0
1050,0.0,0.0,0.0,0.0
1051,0.0,0.0,0.0,0.0
1052,0.0,0.0,0.0,0.0
1053,0.0,0.0,0.0,0.0
1054,0.0,0.0,0.0,0.0
1055,0.0,0.0,0.0,0.0
1056,0.0,0.0,0.0,0.0
1057,0.0,0.0,0.0,0.0
1058,0.0,0.0,0.0,0.0
1059,0.0,0.0,0.0,0.0
1060,0.0,0.0,0.0,0.0
1061,0.0,0.0,0.0,0.0
1062,0.0,0.0,0.0,0.0
1063,0.0,0.0,0.0,0.0
1064,0.0,0.0,0.0,0.0
1065,0.0,0.0,0.0,0.0
1066,0.0,0.0,0.0,0.0
1067,0.0,0.0,0.0,0.0
1068,0.0,0.0,0.0,0.0
1069,0.0,0.0,0.0,0.0
1070,0.0,0.0,0.0,0.0
1071,0.0,0.0,0.0,0.0
1072,0.0,0.0,0.0,0.0
1073,0.0,0.0,0.0,0.0
1074,0.0,0.0,0.0,0.0
1075,0.0,0.0,0.0,0.0
1076,0.0,0.0,0.0,0.0
1077,0.0,0.0,0.0,0.0
1078,0.0,0.0,0.0,0.0
1079,0.0,0.0,0.0,0.0
1080,0.0,0.0,0.0,0.0
1081,0.0,0.0,0.0,0.0
1082,0.0,0.0,0.0,0.0
1083,0.0,0.0,0.0,0.0
1084,0.0,0.0,0.0,0.0
1085,0.0,0.0,0.0,0.0
1086,0.0,0.0,0.0,0.0
1087,0.0,0.0,0.0,0.0
1088,0.0,0.0,0.0,0.0
1089,0.0,0.0,0.0,0.0
1090,0.0,0.0,0.0,0.0
1091,0.0,0.0,0.0,0.0
1092,0.0,0.0,0.0,0.0
1093,0.0,0.0,0.0,0.0
1094,0.0,0.0,0.0,0.0
1095,0.0,0.0,0.0,0.0
1096,0.0,0.0,0.0,0.0
1097,0.0,0.0,0.0,0.0
1098,0.0,0.0,0.0,0.0
1099,0.0,0.0,0.0,0.0
1100,0.0,0.0,0.0,0.0
1101,0.0,0.0,0.0,0.0
1102,0.0,0.0,0.0,0.0
1103,0.0,0.0,0.0,0.0
1104,0.0,0.0,0.0,0.0
1105,0.0,0.0,0.0,0.0
1106,0.0,0.0,0.0,0.0
1107,0.0,0.0,0.0,0.0
1108,0.0,0.0,0.0,0.0
1109,0.0,0.0,0.0,0.0
1110,0.0,0.0,0.0,0.0
1111,0.0,0.0,0.0,0.0
1112,0.0,0.0,0.0,0.0
1113,0.0,0.0,0.0,0.0
1114,0.0,0.0,0.0,0.0
1115,0.0,0.0,0.0,0.0
1116,0.0,0.0,0.0,0.0
1117,0.0,0.0,0.0,0.0
1118,0.0,0.0,0.0,0.0
1119,0.0,0.0,0.0,0.0
1120,0.0,0.0,0.0,0.0
1121,0.0,0.0,0.0,0.0
1122,0.0,0.0,0.0,0.0
1123,0.0,0.0,0.0,0.0
1124,0.0,0.0,0.0,0.0
1125,0.0,0.0,0.0,0.0
1126,0.0,0.0,0.0,0.0
1127,0.0,0.0,0.0,0.0
1128,0.0,0.0,0.0,0.0
1129,0.0,0.0,0.0,0.0
1130,0.0,0.0,0.0,0.0
1131,0.0,0.0,0.0,0.0
1132,0.0,0.0,0.0,0.0
1133,0.0,0.0,0.0,0.0
1134,0.0,0.0,0.0,0.0
1135,0.0,0.0,0.0,0.0
1136,0.0,0.0,0.0,0.0
1137,0.0,0.0,0.0,0.0
1138,0.0,0.0,0.0,0.0
1139,0.0,0.0,0.0,0.0
1140,0.0,0.0,0.0,0.0
1141,0.0,0.0,0.0,0.0
1142,0.0,0.0,0.0,0.0
1143,0.0,0.0,0.0,0.0
1144,0.0,0.0,0.0,0.0
1145,0.0,0.0,0.0,0.0
1146,0.0,0.0,0.0,0.0
1147,0.0,0.0,0.0,0.0
1148,0.0,0.0,0.0,0.0
1149,0.0,0.0,0.0,0.0
1150,0.0,0.0,0.0,0.0
1151,0.0,0.0,0.0,0.0
1152,0.0,0.0,0.0,0.0
1153,0.0,0.0,0.0,0.0
1154,0.0,0.0,0.0,0.0
1155,0.0,0.0,0.0,0.0
1156,0.0,0.0,0.0,0.0
1157,0.0,0.0,0.0,0.0
1158,0.0,0.0,0.0,0.0
1159,0.0,0.0,0.0,0.0
1160,0.0,0.0,0.0,0.0
1161,0.0,0.0,0.0,0.0
1162,0.0,0.0,0.0,0.0
1163,0.0,0.0,0.0,0.0
1164,0.0,0.0,0.0,0.0
1165,0.0,0.0,0.0,0.0
1166,0.0,0.0,0.0,0.0
1167,0.0,0.0,0.0,0.0
1168,0.0,0.0,0.0,0.0
1169,0.0,0.0,0.0,0.0
1170,0.0,0.0,0.0,0.0
1171,0.0,0.0,0.0,0.0
1172,0.0,0.0,0.0,0.0
1173,0.0,0.0,0.0,0.0
1174,0.0,0.0,0.0,0.0
1175,0.0,0.0,0.0,0.0
1176,0.0,0.0,0.0,0.0
1177,0.0,0.0,0.0,0.0
1178,0.0,0.0,0.0,0.0
1179,0.0,0.0,0.0,0.0
1180,0.0,0.0,0.0,0.0
1181,0.0,0.0,0.0,0.0
1182,0.0,0.0,0.0,0.0
1183,0.0,0.0,0.0,0.0
1184,0.0,0.0,0.0,0.0
1185,0.0,0.0,0.0,0.0
1186,0.0,0.0,0.0,0.0
1187,0.0,0.0,0.0,0.0
1188,0.0,0.0,0.0,0.0
1189,0.0,0.0,0.0,0.0
1190,0.0,0.0,0.0,0.0
1191,0.0,0.0,0.0,0.0
1192,0.0,0.0,0.0,0.0
1193,0.0,0.0,0.0,0.0
1194,0.0,0.0,0.0,0.0
1195,0.0,0.0,0.0,0.0
1196,0.0,0.0,0.0,0.0
1197,0.0,0.0,0.0,0.0
1198,0.0,0.0,0.0,0.0
1199,0.0,0.0,0.0,0.0
1200,0.0,0.0,0.0,0.0
1201,0.0,0.0,0.0,0.0
1202,0.0,0.0,0.0,0.0
1203,0.0,0.0,0.0,0.0
1204,0.0,0.0,0.0,0.0
1205,0.0,0.0,0.0,0.0
1206,0.0,0.0,0.0,0.0
1207,0.0,0.0,0.0,0.0
1208,0.0,0.0,0.0,0.0
1209,0.0,0.0,0.0,0.0
1210,0.0,0.0,0.0,0.0
1211,0.0,0.0,0.0,0.0
1212,0.0,0.0,0.0,0.0
1213,0.0,0.0,0.0,0.0
1214,0.0,0.0,0.0,0.0
1215,0.0,0.0,0.0,0.0
1216,0.0,0.0,0.0,0.0
1217,0.0,0.0,0.0,0.0
1218,0.0,0.0,0.0,0.0
1219,0.0,0.0,0.0,0.0
1220,0.0,0.0,0.0,0.0
1221,0.0,0.0,0.0,0.0
1222,0.0,0.0,0.0,0.0
1223,0.0,0.0,0.0,0.0
1224,0.0,0.0,0.0,0.0
1225,0.0,0.0,0.0,0.0
1226,0.0,0.0,0.0,0.0
1227,0.0,0.0,0.0,0.0
1228,0.0,0.0,0.0,0.0
1229,0.0,0.0,0.0,0.0
1230,0.0,0.0,0.0,0.0
1231,0.0,0.0,0.0,0.0
1232,0.0,0.0,0.0,0.0
1233,0.0,0.0,0.0,0.0
1234,0.0,0.0,0.0,0.0
1235,0.0,0.0,0.0,0.0
1236,0.0,0.0,0.0,0.0
1237,0.0,0.0,0.0,0.0
1238,0.0,0.0,0.0,0.0
1239,0.0,0.0,0.0,0.0
1240,0.0,0.0,0.0,0.0
1241,0.0,0.0,0.0,0.0
1242,0.0,0.0,0.0,0.0
1243,0.0,0.0,0.0,0.0
1244,0.0,0.0,0.0,0.0
1245,0.0,0.0,0.0,0.0
1246,0.0,0.0,0.0,0.0
1247,0.0,0.0,0.0,0.0
1248,0.0,0.0,0.0,0.0
1249,0.0,0.0,0.0,0.0
1250,0.0,0.0,0.0,0.0
1251,0.0,0.0,0.0,0.0
1252,0.0,0.0,0.0,0.0
1253,0.0,0.0,0.0,0.0
1254,0.0,0.0,0.0,0.0
1255,0.0,0.0,0.0,0.0
1256,0.0,0.0,0.0,0.0
1257,0.0,0.0,0.0,0.0
1258,0.0,0.0,0.0,0.0
1259,0.0,0.0,0.0,0.0
1260,0.0,0.0,0.0,0.0
1261,0.0,0.0,0.0,0.0
1262,0.0,0.0,0.0,0.0
1263,0.0,0.0,0.0,0.0
1264,0.0,0.0,0.0,0.0
1265,0.0,0.0,0.0,0.0
1266,0.0,0.0,0.0,0.0
1267,0.0,0.0,0.0,0.0
1268,0.0,0.0,0.0,0.0
1269,0.0,0.0,0.0,0.0
1270,0.0,0.0,0.0,0.0
1271,0.0,0.0,0.0,0.0
1272,0.0,0.0,0.0,0.0
1273,0.0,0.0,0.0,0.0
1274,0.0,0.0,0.0,0.0
1275,0.0,0.0,0.0,0.0
1276,0.0,0.0,0.0,0.0
1277,0.0,0.0,0.0,0.0
1278,0.0,0.0,0.0,0.0
1279,0.0,0.0,0.0,0.0
1280,0.0,0.0,0.0,0.0
1281,0.0,0.0,0.0,0.0
1282,0.0,0.0,0.0,0.0
1283,0.0,0.0,0.0,0.0
1284,0.0,0.0,0.0,0.0
1285,0.0,0.0,0.0,0.0
1286,0.0,0.0,0.0,0.0
1287,0.0,0.0,0.0,0.0
1288,0.0,0.0,0.0,0.0
1289,0.0,0.0,0.0,0.0
1290,0.0,0.0,0.0,0.0
1291,0.0,0.0,0.0,0.0
1292,0.0,0.0,0.0,0.0
1293,0.0,0.0,0.0,0.0
1294,0.0,0.0,0.0,0.0
1295,0.0,0.0,0.0,0.0
1296,0.0,0.0,0.0,0.0
1297,0.0,0.0,0.0,0.0
1298,0.0,0.0,0.0,0.0
1299,0.0,0.0,0.0,0.0
1300,0.0,0.0,0.0,0.0
1301,0.0,0.0,0.0,0.0
1302,0.0,0.0,0.0,0.0
1303,0.0,0.0,0.0,0.0
1304,0.0,0.0,0.0,0.0
1305,0.0,0.0,0.0,0.0
1306,0.0,0.0,0.0,0.0
1307,0.0,0.0,0.0,0.0
1308,0.0,0.0,0.0,0.0
1309,0.0,0.0,0.0,0.0
1310,0.0,0.0,0.0,0.0
1311,0.0,0.0,0.0,0.0
1312,0.0,0.0,0.0,0.0
1313,0.0,0.0,0.0,0.0
1314,0.0,0.0,0.0,0.0
1315,0.0,0.0,0.0,0.0
1316,0.0,0.0,0.0,0.0
1317,0.0,0.0,0.0,0.0
1318,0.0,0.0,0.0,0.0
1319,0.0,0.0,0.0,0.0
1320,0.0,0.0,0.0,0.0
1321,0.0,0.0,0.0,0.0
1322,0.0,0.0,0.0,0.0
1323,0.0,0.0,0.0,0.0
1324,0.0,0.0,0.0,0.0
1325,0.0,0.0,0.0,0.0
1326,0.0,0.0,0.0,0.0
1327,0.0,0.0,0.0,0.0
1328,0.0,0.0,0.0,0.0
1329,0.0,0.0,0.0,0.0
1330,0.0,0.0,0.0,0.0
1331,0.0,0.0,0.0,0.0
1332,0.0,0.0,0.0,0.0
1333,0.0,0.0,0.0,0.0
1334,0.0,0.0,0.0,0.0
1335,0.0,0.0,0.0,0.0
1336,0.0,0.0,0.0,0.0
1337,0.0,0.0,0.0,0.0
1338,0.0,0.0,0.0,0.0
1339,0.0,0.0,0.0,0.0
1340,0.0,0.0,0.0,0.0
1341,0.0,0.0,0.0,0.0
1342,0.0,0.0,0.0,0.0
1343,0.0,0.0,0.0,0.0
1344,0.0,0.0,0.0,0.0
1345,0.0,0.0,0.0,0.0
1346,0.0,0.0,0.0,0.0
1347,0.0,0.0,0.0,0.0
1348,0.0,0.0,0.0,0.0
1349,0.0,0.0,0.0,0.0
1350,0.0,0.0,0.0,0.0
1351,0.0,0.0,0.0,0.0
1352,0.0,0.0,0.0,0.0
1353,0.0,0.0,0.0,0.0
1354,0.0,0.0,0.0,0.0
1355,0.0,0.0,0.0,0.0
1356,0.0,0.0,0.0,0.0
1357,0.0,0.0,0.0,0.0
1358,0.0,0.0,0.0,0.0
1359,0.0,0.0,0.0,0.0
1360,0.0,0.0,0.0,0.0
1361,0.0,0.0,0.0,0.0
1362,0.0,0.0,0.0,0.0
1363,0.0,0.0,0.0,0.0
1364,0.0,0.0,0.0,0.0
1365,0.0,0.0,0.0,0.0
1366,0.0,0.0,0.0,0.0
1367,0.0,0.0,0.0,0.0
1368,0.0,0.0,0.0,0.0
1369,0.0,0.0,0.0,0.0
1370,0.0,0.0,0.0,0.0
1371,0.0,0.0,0.0,0.0
1372,0.0,0.0,0.0,0.0
1373,0.0,0.0,0.0,0.0
1374,0.0,0.0,0.0,0.0
1375,0.0,0.0,0.0,0.0
1376,0.0,0.0,0.0,0.0
1377,0.0,0.0,0.0,0.0
1378,0.0,0.0,0.0,0.0
1379,0.0,0.0,0.0,0.0
1380,0.0,0.0,0.0,0.0
1381,0.0,0.0,0.0,0.0
1382,0.0,0.0,0.0,0.0
1383,0.0,0.0,0.0,0.0
1384,0.0,0.0,0.0,0.0
1385,0.0,0.0,0.0,0.0
1386,0.0,0.0,0.0,0.0
1387,0.0,0.0,0.0,0.0
1388,0.0,0.0,0.0,0.0
1389,0.0,0.0,0.0,0.0
1390,0.0,0.0,0.0,0.0
1391,0.0,0.0,0.0,0.0
1392,0.0,0.0,0.0,0.0
1393,0.0,0.0,0.0,0.0
1394,0.0,0.0,0.0,0.0
1395,0.0,0.0,0.0,0.0
1396,0.0,0.0,0.0,0.0
1397,0.0,0.0,0.0,0.0
1398,0.0,0.0,0.0,0.0
1399,0.0,0.0,0.0,0.0
1400,0.0,0.0,0.0,0.0
1401,0.0,0.0,0.0,0.0
1402,0.0,0.0,0.0,0.0
1403,0.0,0.0,0.0,0.0
1404,0.0,0.0,0.0,0.0
1405,0.0,0.0,0.0,0.0
1406,0.0,0.0,0.0,0.0
1407,0.0,0.0,0.0,0.0
1408,0.0,0.0,0.0,0.0
1409,0.0,0.0,0.0,0.0
1410,0.0,0.0,0.0,0.0
1411,0.0,0.0,0.0,0.0
1412,0.0,0.0,0.0,0.0
1413,0.0,0.0,0.0,0.0
1414,0.0,0.0,0.0,0.0
1415,0.0,0.0,0.0,0.0
1416,0.0,0.0,0.0,0.0
1417,0.0,0.0,0.0,0.0
1418,0.0,0.0,0.0,0.0
1419,0.0,0.0,0.0,0.0
1420,0.0,0.0,0.0,0.0
1421,0.0,0.0,0.0,0.0
1422,0.0,0.0,0.0,0.0
1423,0.0,0.0,0.0,0.0
1424,0.0,0.0,0.0,0.0
1425,0.0,0.0,0.0,0.0
1426,0.0,0.0,0.0,0.0
1427,0.0,0.0,0.0,0.0
1428,0.0,0.0,0.0,0.0
1429,0.0,0.0,0.0,0.0
1430,0.0,0.0,0.0,0.0
1431,0.0,0.0,0.0,0.0
1432,0.0,0.0,0.0,0.0
1433,0.0,0.0,0.0,0.0
1434,0.0,0.0,0.0,0.0
1435,0.0,0.0,0.0,0.0
1436,0.0,0.0,0.0,0.0
1437,0.0,0.0,0.0,0.0
1438,0.0,0.0,0.0,0.0
1439,0.0,0.0,0.0,0.0
1440,0.0,0.0,0.0,0.0
1441,0.0,0.0,0.0,0.0
1442,0.0,0.0,0.0,0.0
1443,0.0,0.0,0.0,0.0
1444,0.0,0.0,0.0,0.0
1445,0.0,0.0,0.0,0.0
1446,0.0,0.0,0.0,0.0
1447,0.0,0.0,0.0,0.0
1448,0.0,0.0,0.0,0.0
1449,0.0,0.0,0.0,0.0
1450,0.0,0.0,0.0,0.0
1451,0.0,0.0,0.0,0.0
1452,0.0,0.0,0.0,0.0
1453,0.0,0.0,0.0,0.0
1454,0.0,0.0,0.0,0.0
1455,0.0,0.0,0.0,0.0
1456,0.0,0.0,0.0,0.0
1457,0.0,0.0,0.0,0.0
1458,0.0,0.0,0.0,0.0
1459,0.0,0.0,0.0,0.0
1460,0.0,0.0,0.0,0.0
1461,0.0,0.0,0.0,0.0
1462,0.0,0.0,0.0,0.0
1463,0.0,0.0,0.0,0.0
1464,0.0,0.0,0.0,0.0
1465,0.0,0.0,0.0,0.0
1466,0.0,0.0,0.0,0.0
1467,0.0,0.0,0.0,0.0
1468,0.0,0.0,0.0,0.0
1469,0.0,0.0,0.0,0.0
1470,0.0,0.0,0.0,0.0
1471,0.0,0.0,0.0,0.0
1472,0.0,0.0,0.0,0.0
1473,0.0,0.0,0.0,0.0
1474,0.0,0.0,0.0,0.0
1475,0.0,0.0,0.0,0.0
1476,0.0,0.0,0.0,0.0
1477,0.0,0.0,0.0,0.0
1478,0.0,0.0,0.0,0.0
1479,0.0,0.0,0.0,0.0
1480,0.0,0.0,0.0,0.0
1481,0.0,0.0,0.0,0.0
1482,0.0,0.0,0.0,0.0
1483,0.0,0.0,0.0,0.0
1484,0.0,0.0,0.0,0.0
1485,0.0,0.0,0.0,0.0
1486,0.0,0.0,0.0,0.0
1487,0.0,0.0,0.0,0.0
1488,0.0,0.0,0.0,0.0
1489,0.0,0.0,0.0,0.0
1490,0.0,0.0,0.0,0.0
1491,0.0,0.0,0.0,0.0
1492,0.0,0.0,0.0,0.0
1493,0.0,0.0,0.0,0.0
1494,0.0,0.0,0.0,0.0
1495,0.0,0.0,0.0,0.0
1496,0.0,0.0,0.0,0.0
1497,0.0,0.0,0.0,0.0
1498,0.0,0.0,0.0,0.0
1499,0.0,0.0,0.0,0.0
1500,0.0,0.0,0.0,0.0
1501,0.0,0.0,0.0,0.0
1502,0.0,0.0,0.0,0.0
1503,0.0,0.0,0.0,0.0
1504,0.0,0.0,0.0,0.0
1505,0.0,0.0,0.0,0.0
1506,0.0,0.0,0.0,0.0
1507,0.0,0.0,0.0,0.0
1508,0.0,0.0,0.0,0.0
1509,0.0,0.0,0.0,0.0
1510,0.0,0.0,0.0,0.0
1511,0.0,0.0,0.0,0.0
1512,0.0,0.0,0.0,0.0
1513,0.0,0.0,0.0,0.0
1514,0.0,0.0,0.0,0.0
1515,0.0,0.0,0.0,0.0
1516,0.0,0.0,0.0,0.0
1517,0.0,0.0,0.0,0.0
1518,0.0,0.0,0.0,0.0
1519,0.0,0.0,0.0,0.0
1520,0.0,0.0,0.0,0.0
1521,0.0,0.0,0.0,0.0
1522,0.0,0.0,0.0,0.0
1523,0.0,0.0,0.0,0.0
1524,0.0,0.0,0.0,0.0
1525,0.0,0.0,0.0,0.0
1526,0.0,0.0,0.0,0.0
1527,0.0,0.0,0.0,0.0
1528,0.0,0.0,0.0,0.0
1529,0.0,0.0,0.0,0.0
1530,0.0,0.0,0.0,0.0
1531,0.0,0.0,0.0,0.0
1532,0.0,0.0,0.0,0.0
1533,0.0,0.0,0.0,0.0
1534,0.0,0.0,0.0,0.0
1535,0.0,0.0,0.0,0.0
1536,0.0,0.0,0.0,0.0
1537,0.0,0.0,0.0,0.0
1538,0.0,0.0,0.0,0.0
1539,0.0,0.0,0.0,0.0
1540,0.0,0.0,0.0,0.0
1541,0.0,0.0,0.0,0.0
1542,0.0,0.0,0.0,0.0
1543,0.0,0.0,0.0,0.0
1544,0.0,0.0,0.0,0.0
1545,0.0,0.0,0.0,0.0
1546,0.0,0.0,0.0,0.0
1547,0.0,0.0,0.0,0.0
1548,0.0,0.0,0.0,0.0
1549,0.0,0.0,0.0,0.0
1550,0.0,0.0,0.0,0.0
1551,0.0,0.0,0.0,0.0
1552,0.0,0.0,0.0,0.0
1553,0.0,0.0,0.0,0.0
1554,0.0,0.0,0.0,0.0
1555,0.0,0.0,0.0,0.0
1556,0.0,0.0,0.0,0.0
1557,0.0,0.0,0.0,0.0
1558,0.0,0.0,0.0,0.0
1559,0.0,0.0,0.0,0.0
1560,0.0,0.0,0.0,0.0
1561,0.0,0.0,0.0,0.0
1562,0.0,0.0,0.0,0.0
1563,0.0,0.0,0.0,0.0
1564,0.0,0.0,0.0,0.0
1565,0.0,0.0,0.0,0.0
1566,0.0,0.0,0.0,0.0
1567,0.0,0.0,0.0,0.0
1568,0.0,0.0,0.0,0.0
1569,0.0,0.0,0.0,0.0
1570,0.0,0.0,0.0,0.0
1571,0.0,0.0,0.0,0.0
1572,0.0,0.0,0.0,0.0
1573,0.0,0.0,0.0,0.0
1574,0.0,0.0,0.0,0.0
1575,0.0,0.0,0.0,0.0
1576,0.0,0.0,0.0,0.0
1577,0.0,0.0,0.0,0.0
1578,0.0,0.0,0.0,0.0
1579,0.0,0.0,0.0,0.0
1580,0.0,0.0,0.0,0.0
1581,0.0,0.0,0.0,0.0
1582,0.0,0.0,0.0,0.0
1583,0.0,0.0,0.0,0.0
1584,0.0,0.0,0.0,0.0
1585,0.0,0.0,0.0,0.0
1586,0.0,0.0,0.0,0.0
1587,0.0,0.0,0.0,0.0
1588,0.0,0.0,0.0,0.0
1589,0.0,0.0,0.0,0.0
1590,0.0,0.0,0.0,0.0
1591,0.0,0.0,0.0,0.0
1592,0.0,0.0,0.0,0.0
1593,0.0,0.0,0.0,0.0
1594,0.0,0.0,0.0,0.0
1595,0.0,0.0,0.0,0.0
1596,0.0,0.0,0.0,0.0
1597,0.0,0.0,0.0,0.0
1598,0.0,0.0,0.0,0.0
1599,0.0,0.0,0.0,0.0
1600,0.0,0.0,0.0,0.0
1601,0.0,0.0,0.0,0.0
1602,0.0,0.0,0.0,0.0
1603,0.0,0.0,0.0,0.0
1604,0.0,0.0,0.0,0.0
1605,0.0,0.0,0.0,0.0
1606,0.0,0.0,0.0,0.0
1607,0.0,0.0,0.0,0.0
1608,0.0,0.0,0.0,0.0
1609,0.0,0.0,0.0,0.0
1610,0.0,0.0,0.0,0.0
1611,0.0,0.0,0.0,0.0
1612,0.0,0.0,0.0,0.0
1613,0.0,0.0,0.0,0.0
1614,0.0,0.0,0.0,0.0
1615,0.0,0.0,0.0,0.0
1616,0.0,0.0,0.0,0.0
1617,0.0,0.0,0.0,0.0
1618,0.0,0.0,0.0,0.0
1619,0.0,0.0,0.0,0.0
1620,0.0,0.0,0.0,0.0
1621,0.0,0.0,0.0,0.0
1622,0.0,0.0,0.0,0.0
1623,0.0,0.0,0.0,0.0
1624,0.0,0.0,0.0,0.0
1625,0.0,0.0,0.0,0.0
1626,0.0,0.0,0.0,0.0
1627,0.0,0.0,0.0,0.0
1628,0.0,0.0,0.0,0.0
1629,0.0,0.0,0.0,0.0
1630,0.0,0.0,0.0,0.0
1631,0.0,0.0,0.0,0.0
1632,0.0,0.0,0.0,0.0
1633,0.0,0.0,0.0,0.0
1634,0.0,0.0,0.0,0.0
1635,0.0,0.0,0.0,0.0
1636,0.0,0.0,0.0,0.0
1637,0.0,0.0,0.0,0.0
1638,0.0,0.0,0.0,0.0
1639,0.0,0.0,0.0,0.0
1640,0.0,0.0,0.0,0.0
1641,0.0,0.0,0.0,0.0
1642,0.0,0.0,0.0,0.0
1643,0.0,0.0,0.0,0.0
1644,0.0,0.0,0.0,0.0
1645,0.0,0.0,0.0,0.0
1646,0.0,0.0,0.0,0.0
1647,0.0,0.0,0.0,0.0
1648,0.0,0.0,0.0,0.0
1649,0.0,0.0,0.0,0.0
1650,0.0,0.0,0.0,0.0
1651,0.0,0.0,0.0,0.0
1652,0.0,0.0,0.0,0.0
1653,0.0,0.0,0.0,0.0
1654,0.0,0.0,0.0,0.0
1655,0.0,0.0,0.0,0.0
1656,0.0,0.0,0.0,0.0
1657,0.0,0.0,0.0,0.0
1658,0.0,0.0,0.0,0.0
1659,0.0,0.0,0.0,0.0
1660,0.0,0.0,0.0,0.0
1661,0.0,0.0,0.0,0.0
1662,0.0,0.0,0.0,0.0
1663,0.0,0.0,0.0,0.0
1664,0.0,0.0,0.0,0.0
1665,0.0,0.0,0.0,0.0
1666,0.0,0.0,0.0,0.0
1667,0.0,0.0,0.0,0.0
1668,0.0,0.0,0.0,0.0
1669,0.0,0.0,0.0,0.0
1670,0.0,0.0,0.0,0.0
1671,0.0,0.0,0.0,0.0
1672,0.0,0.0,0.0,0.0
1673,0.0,0.0,0.0,0.0
1674,0.0,0.0,0.0,0.0
1675,0.0,0.0,0.0,0.0
1676,0.0,0.0,0.0,0.0
1677,0.0,0.0,0.0,0.0
1678,0.0,0.0,0.0,0.0
1679,0.0,0.0,0.0,0.0
1680,0.0,0.0,0.0,0.0
1681,0.0,0.0,0.0,0.0
1682,0.0,0.0,0.0,0.0
1683,0.0,0.0,0.0,0.0
1684,0.0,0.0,0.0,0.0
1685,0.0,0.0,0.0,0.0
1686,0.0,0.0,0.0,0.0
1687,0.0,0.0,0.0,0.0
1688,0.0,0.0,0.0,0.0
1689,0.0,0.0,0.0,0.0
1690,0.0,0.0,0.0,0.0
1691,0.0,0.0,0.0,0.0
1692,0.0,0.0,0.0,0.0
1693,0.0,0.0,0.0,0.0
1694,0.0,0.0,0.0,0.0
1695,0.0,0.0,0.0,0.0
1696,0.0,0.0,0.0,0.0
1697,0.0,0.0,0.0,0.0
1698,0.0,0.0,0.0,0.0
1699,0.0,0.0,0.0,0.0
1700,0.0,0.0,0.0,0.0
1701,0.0,0.0,0.0,0.0
1702,0.0,0.0,0.0,0.0
1703,0.0,0.0,0.0,0.0
1704,0.0,0.0,0.0,0.0
1705,0.0,0.0,0.0,0.0
1706,0.0,0.0,0.0,0.0
1707,0.0,0.0,0.0,0.0
1708,0.0,0.0,0.0,0.0
1709,0.0,0.0,0.0,0.0
1710,0.0,0.0,0.0,0.0
1711,0.0,0.0,0.0,0.0
1712,0.0,0.0,0.0,0.0
1713,0.0,0.0,0.0,0.0
1714,0.0,0.0,0.0,0.0
1715,0.0,0.0,0.0,0.0
1716,0.0,0.0,0.0,0.0
1717,0.0,0.0,0.0,0.0
1718,0.0,0.0,0.0,0.0
1719,0.0,0.0,0.0,0.0
1720,0.0,0.0,0.0,0.0
1721,0.0,0.0,0.0,0.0
1722,0.0,0.0,0.0,0.0
1723,0.0,0.0,0.0,0.0
1724,0.0,0.0,0.0,0.0
1725,0.0,0.0,0.0,0.0
1726,0.0,0.0,0.0,0.0
1727,0.0,0.0,0.0,0.0
1728,0.0,0.0,0.0,0.0
1729,0.0,0.0,0.0,0.0
1730,0.0,0.0,0.0,0.0
1731,0.0,0.0,0.0,0.0
1732,0.0,0.0,0.0,0.0
1733,0.0,0.0,0.0,0.0
1734,0.0,0.0,0.0,0.0
1735,0.0,0.0,0.0,0.0
1736,0.0,0.0,0.0,0.0
1737,0.0,0.0,0.0,0.0
1738,0.0,0.0,0.0,0.0
1739,0.0,0.0,0.0,0.0
1740,0.0,0.0,0.0,0.0
1741,0.0,0.0,0.0,0.0
1742,0.0,0.0,0.0,0.0
1743,0.0,0.0,0.0,0.0
1744,0.0,0.0,0.0,0.0
1745,0.0,0.0,0.0,0.0
1746,0.0,0.0,0.0,0.0
1747,0.0,0.0,0.0,0.0
1748,0.0,0.0,0.0,0.0
1749,0.0,0.0,0.0,0.0
1750,0.0,0.0,0.0,0.0
1751,0.0,0.0,0.0,0.0
1752,0.0,0.0,0.0,0.0
1753,0.0,0.0,0.0,0.0
1754,0.0,0.0,0.0,0.0
1755,0.0,0.0,0.0,0.0
1756,0.0,0.0,0.0,0.0
1757,0.0,0.0,0.0,0.0
1758,0.0,0.0,0.0,0.0
1759,0.0,0.0,0.0,0.0
1760,0.0,0.0,0.0,0.0
1761,0.0,0.0,0.0,0.0
1762,0.0,0.0,0.0,0.0
1763,0.0,0.0,0.0,0.0
1764,0.0,0.0,0.0,0.0
1765,0.0,0.0,0.0,0.0
1766,0.0,0.0,0.0,0.0
1767,0.0,0.0,0.0,0.0
1768,0.0,0.0,0.0,0.0
1769,0.0,0.0,0.0,0.0
1770,0.0,0.0,0.0,0.0
1771,0.0,0.0,0.0,0.0
1772,0.0,0.0,0.0,0.0
1773,0.0,0.0,0.0,0.0
1774,0.0,0.0,0.0,0.0
1775,0.0,0.0,0.0,0.0
1776,0.0,0.0,0.0,0.0
1777,0.0,0.0,0.0,0.0
1778,0.0,0.0,0.0,0.0
1779,0.0,0.0,0.0,0.0
1780,0.0,0.0,0.0,0.0
1781,0.0,0.0,0.0,0.0
1782,0.0,0.0,0.0,0.0
1783,0.0,0.0,0.0,0.0
1784,0.0,0.0,0.0,0.0
1785,0.0,0.0,0.0,0.0
1786,0.0,0.0,0.0,0.0
1787,0.0,0.0,0.0,0.0
1788,0.0,0.0,0.0,0.0
1789,0.0,0.0,0.0,0.0
1790,0.0,0.0,0.0,0.0
1791,0.0,0.0,0.0,0.0
1792,0.0,0.0,0.0,0.0
1793,0.0,0.0,0.0,0.0
1794,0.0,0.0,0.0,0.0
1795,0.0,0.0,0.0,0.0
1796,0.0,0.0,0.0,0.0
1797,0.0,0.0,0.0,0.0
1798,0.0,0.0,0.0,0.0
1799,0.0,0.0,0.0,0.0
1800,0.0,0.0,0.0,0.0
1801,0.0,0.0,0.0,0.0
1802,0.0,0.0,0.0,0.0
1803,0.0,0.0,0.0,0.0
1804,0.0,0.0,0.0,0.0
1805,0.0,0.0,0.0,0.0
1806,0.0,0.0,0.0,0.0
1807,0.0,0.0,0.0,0.0
1808,0.0,0.0,0.0,0.0
1809,0.0,0.0,0.0,0.0
1810,0.0,0.0,0.0,0.0
1811,0.0,0.0,0.0,0.0
1812,0.0,0.0,0.0,0.0
1813,0.0,0.0,0.0,0.0
1814,0.0,0.0,0.0,0.0
1815,0.0,0.0,0.0,0.0
1816,0.0,0.0,0.0,0.0
1817,0.0,0.0,0.0,0.0
1818,0.0,0.0,0.0,0.0
1819,0.0,0.0,0.0,0.0
1820,0.0,0.0,0.0,0.0
1821,0.0,0.0,0.0,0.0
1822,0.0,0.0,0.0,0.0
1823,0.0,0.0,0.0,0.0
1824,0.0,0.0,0.0,0.0
1825,0.0,0.0,0.0,0.0
1826,0.0,0.0,0.0,0.0
1827,0.0,0.0,0.0,0.0
1828,0.0,0.0,0.0,0.0
1829,0.0,0.0,0.0,0.0
1830,0.0,0.0,0.0,0.0
1831,0.0,0.0,0.0,0.0
1832,0.0,0.0,0.0,0.0
1833,0.0,0.0,0.0,0.0
1834,0.0,0.0,0.0,0.0
1835,0.0,0.0,0.0,0.0
1836,0.0,0.0,0.0,0.0
1837,0.0,0.0,0.0,0.0
1838,0.0,0.0,0.0,0.0
1839,0.0,0.0,0.0,0.0
1840,0.0,0.0,0.0,0.0
1841,0.0,0.0,0.0,0.0
1842,0.0,0.0,0.0,0.0
1843,0.0,0.0,0.0,0.0
1844,0.0,0.0,0.0,0.0
1845,0.0,0.0,0.0,0.0
1846,0.0,0.0,0.0,0.0
1847,0.0,0.0,0.0,0.0
1848,0.0,0.0,0.0,0.0
1849,0.0,0.0,0.0,0.0
1850,0.0,0.0,0.0,0.0
1851,0.0,0.0,0.0,0.0
1852,0.0,0.0,0.0,0.0
1853,0.0,0.0,0.0,0.0
1854,0.0,0.0,0.0,0.0
1855,0.0,0.0,0.0,0.0
1856,0.0,0.0,0.0,0.0
1857,0.0,0.0,0.0,0.0
1858,0.0,0.0,0.0,0.0
1859,0.0,0.0,0.0,0.0
1860,0.0,0.0,0.0,0.0
1861,0.0,0.0,0.0,0.0
1862,0.0,0.0,0.0,0.0
1863,0.0,0.0,0.0,0.0
1864,0.0,0.0,0.0,0.0
1865,0.0,0.0,0.0,0.0
1866,0.0,0.0,0.0,0.0
1867,0.0,0.0,0.0,0.0
1868,0.0,0.0,0.0,0.0
1869,0.0,0.0,0.0,0.0
1870,0.0,0.0,0.0,0.0
1871,0.0,0.0,0.0,0.0
1872,0.0,0.0,0.0,0.0
1873,0.0,0.0,0.0,0.0
1874,0.0,0.0,0.0,0.0
1875,0.0,0.0,0.0,0.0
1876,0.0,0.0,0.0,0.0
1877,0.0,0.0,0.0,0.0
1878,0.0,0.0,0.0,0.0
1879,0.0,0.0,0.0,0.0
1880,0.0,0.0,0.0,0.0
1881,0.0,0.0,0.0,0.0
1882,0.0,0.0,0.0,0.0
1883,0.0,0.0,0.0,0.0
1884,0.0,0.0,0.0,0.0
1885,0.0,0.0,0.0,0.0
1886,0.0,0.0,0.0,0.0
1887,0.0,0.0,0.0,0.0
1888,0.0,0.0,0.0,0.0
1889,0.0,0.0,0.0,0.0
1890,0.0,0.0,0.0,0.0
1891,0.0,0.0,0.0,0.0
1892,0.0,0.0,0.0,0.0
1893,0.0,0.0,0.0,0.0
1894,0.0,0.0,0.0,0.0
1895,0.0,0.0,0.0,0.0
1896,0.0,0.0,0.0,0.0
1897,0.0,0.0,0.0,0.0
1898,0.0,0.0,0.0,0.0
1899,0.0,0.0,0.0,0.0
1900,0.0,0.0,0.0,0.0
1901,0.0,0.0,0.0,0.0
1902,0.0,0.0,0.0,0.0
1903,0.0,0.0,0.0,0.0
1904,0.0,0.0,0.0,0.0
1905,0.0,0.0,0.0,0.0
1906,0.0,0.0,0.0,0.0
1907,0.0,0.0,0.0,0.0
1908,0.0,0.0,0.0,0.0
1909,0.0,0.0,0.0,0.0
1910,0.0,0.0,0.0,0.0
1911,0.0,0.0,0.0,0.0
1912,0.0,0.0,0.0,0.0
1913,0.0,0.0,0.0,0.0
1914,0.0,0.0,0.0,0.0
1915,0.0,0.0,0.0,0.0
1916,0.0,0.0,0.0,0.0
1917,0.0,0.0,0.0,0.0
1918,0.0,0.0,0.0,0.0
1919,0.0,0.0,0.0,0.0
1920,0.0,0.0,0.0,0.0
1921,0.0,0.0,0.0,0.0
1922,0.0,0.0,0.0,0.0
1923,0.0,0.0,0.0,0.0
1924,0.0,0.0,0.0,0.0
1925,0.0,0.0,0.0,0.0
1926,0.0,0.0,0.0,0.0
1927,0.0,0.0,0.0,0.0
1928,0.0,0.0,0.0,0.0
1929,0.0,0.0,0.0,0.0
1930,0.0,0.0,0.0,0.0
1931,0.0,0.0,0.0,0.0
1932,0.0,0.0,0.0,0.0
1933,0.0,0.0,0.0,0.0
1934,0.0,0.0,0.0,0.0
1935,0.0,0.0,0.0,0.0
1936,0.0,0.0,0.0,0.0
1937,0.0,0.0,0.0,0.0
1938,0.0,0.0,0.0,0.0
1939,0.0,0.0,0.0,0.0
1940,0.0,0.0,0.0,0.0
1941,0.0,0.0,0.0,0.0
1942,0.0,0.0,0.0,0.0
1943,0.0,0.0,0.0,0.0
1944,0.0,0.0,0.0,0.0
1945,0.0,0.0,0.0,0.0
1946,0.0,0.0,0.0,0.0
1947,0.0,0.0,0.0,0.0
1948,0.0,0.0,0.0,0.0
1949,0.0,0.0,0.0,0.0
1950,0.0,0.0,0.0,0.0
1951,0.0,0.0,0.0,0.0
1952,0.0,0.0,0.0,0.0
1953,0.0,0.0,0.0,0.0
1954,0.0,0.0,0.0,0.0
1955,0.0,0.0,0.0,0.0
1956,0.0,0.0,0.0,0.0
1957,0.0,0.0,0.0,0.0
1958,0.0,0.0,0.0,0.0
1959,0.0,0.0,0.0,0.0
1960,0.0,0.0,0.0,0.0
1961,0.0,0.0,0.0,0.0
1962,0.0,0.0,0.0,0.0
1963,0.0,0.0,0.0,0.0
1964,0.0,0.0,0.0,0.0
1965,0.0,0.0,0.0,0.0
1966,0.0,0.0,0.0,0.0
1967,0.0,0.0,0.0,0.0
1968,0.0,0.0,0.0,0.0
1969,0.0,0.0,0.0,0.0
1970,0.0,0.0,0.0,0.0
1971,0.0,0.0,0.0,0.0
1972,0.0,0.0,0.0,0.0
1973,0.0,0.0,0.0,0.0
1974,0.0,0.0,0.0,0.0
1975,0.0,0.0,0.0,0.0
1976,0.0,0.0,0.0,0.0
1977,0.0,0.0,0.0,0.0
1978,0.0,0.0,0.0,0.0
1979,0.0,0.0,0.0,0.0
1980,0.0,0.0,0.0,0.0
1981,0.0,0.0,0.0,0.0
1982,0.0,0.0,0.0,0.0
1983,0.0,0.0,0.0,0.0
1984,0.0,0.0,0.0,0.0
1985,0.0,0.0,0.0,0.0
1986,0.0,0.0,0.0,0.0
1987,0.0,0.0,0.0,0.0
1988,0.0,0.0,0.0,0.0
1989,0.0,0.0,0.0,0.0
1990,0.0,0.0,0.0,0.0
1991,0.0,0.0,0.0,0.0
1992,0.0,0.0,0.0,0.0
1993,0.0,0.0,0.0,0.0
1994,0.0,0.0,0.0,0.0
1995,0.0,0.0,0.0,0.0
1996,0.0,0.0,0.0,0.0
1997,0.0,0.0,0.0,0.0
1998,0.0,0.0,0.0,0.0
1999,0.0,0.0,0.0,0.0
